,X1,X2,X3,X4,X5,X6
0,v,n,f,d,t,a
1,b,ai,a,d,b,g
2,v,as,f,d,a,j
3,l,n,f,d,z,l
4,s,as,c,d,y,i
5,aa,ai,e,d,x,g
6,b,ae,d,d,x,d
7,s,ae,c,d,h,d
8,l,s,c,d,h,j
9,v,as,f,d,g,f
10,l,s,c,d,g,d
11,b,b,a,d,g,l
12,r,e,f,d,g,h
13,v,ae,g,d,g,g
14,a,ak,f,d,g,l
15,r,e,f,d,g,h
16,l,s,c,d,g,d
17,r,e,f,d,f,h
18,i,ai,a,d,f,l
19,r,as,f,d,f,d
20,r,e,f,d,f,h
21,r,e,f,d,f,h
22,v,ai,e,d,f,j
23,r,e,f,d,j,h
24,b,ai,c,d,j,g
25,l,s,c,d,j,j
26,aa,m,c,d,j,g
27,a,as,d,d,j,l
28,s,m,c,d,j,g
29,p,as,f,d,j,g
30,s,as,c,d,j,g
31,aa,as,c,d,j,j
32,s,as,c,d,j,i
33,v,a,b,d,j,j
34,aa,aq,c,d,j,j
35,aa,as,c,d,j,j
36,c,ae,c,d,j,d
37,a,ak,f,d,j,l
38,r,ag,f,d,j,i
39,r,ae,c,d,j,a
40,b,as,c,d,j,j
41,s,m,c,d,j,i
42,aa,aq,c,d,j,j
43,l,as,f,d,j,j
44,c,s,c,d,j,i
45,s,m,c,d,j,g
46,a,ak,f,d,j,l
47,s,as,c,d,j,d
48,r,as,f,d,j,j
49,l,as,f,d,j,j
50,r,e,f,d,j,h
51,b,m,c,d,j,j
52,aa,m,c,d,j,g
53,aa,as,c,d,j,d
54,s,as,c,d,j,l
55,b,ai,c,d,j,g
56,v,as,d,d,j,i
57,v,ai,c,d,j,g
58,s,as,c,d,j,d
59,aa,as,c,d,j,d
60,i,as,c,d,j,j
61,b,m,c,d,j,j
62,l,ak,f,d,j,d
63,aa,as,c,d,j,g
64,b,r,c,d,j,a
65,l,as,f,d,j,i
66,c,as,c,d,j,h
67,b,m,c,d,j,g
68,l,as,c,d,j,a
69,b,m,c,d,j,j
70,aa,as,d,d,j,d
71,s,as,d,d,j,g
72,r,ai,c,d,j,j
73,c,as,c,d,j,l
74,l,as,f,d,j,j
75,v,k,d,d,j,i
76,b,as,c,d,j,d
77,o,as,d,d,j,j
78,l,ae,f,d,j,g
79,aa,as,c,d,j,d
80,m,as,d,d,j,j
81,l,as,f,d,j,i
82,z,ai,c,d,j,g
83,l,ae,f,d,j,g
84,r,ai,f,d,j,j
85,l,as,f,d,j,j
86,v,ai,c,d,j,g
87,s,as,c,d,j,h
88,aa,aj,c,d,j,j
89,b,ae,c,d,j,a
90,l,s,c,d,j,j
91,c,as,c,d,j,j
92,r,ai,c,d,j,l
93,aa,as,d,d,j,i
94,c,ak,c,d,j,g
95,b,m,c,d,j,j
96,b,m,c,d,j,j
97,aa,as,c,d,j,g
98,s,m,c,d,j,i
99,s,m,c,d,j,i
100,l,as,f,d,j,i
101,b,aq,c,d,j,j
102,c,ae,c,d,j,g
103,aa,as,e,d,j,j
104,v,as,f,d,j,j
105,b,m,c,d,j,j
106,r,as,d,d,j,l
107,l,as,f,d,j,i
108,a,ak,f,d,j,l
109,l,ae,f,d,j,d
110,b,b,c,d,j,h
111,e,as,c,d,j,d
112,s,as,c,d,j,g
113,i,as,c,d,j,j
114,h,as,f,d,j,i
115,l,s,c,d,j,j
116,w,ak,f,d,j,d
117,aa,as,d,d,j,d
118,aa,as,d,d,j,i
119,s,as,d,d,j,j
120,l,as,f,d,j,i
121,l,as,f,d,j,i
122,v,ai,c,d,j,g
123,l,s,c,d,j,d
124,aa,ay,c,d,j,g
125,l,as,f,d,j,g
126,s,as,c,d,j,c
127,aa,m,c,d,j,k
128,s,e,f,d,j,a
129,v,ao,a,d,j,g
130,s,as,c,d,j,g
131,g,ai,c,d,j,g
132,b,ai,c,d,j,g
133,s,as,c,d,j,j
134,aa,ay,c,d,j,g
135,l,s,c,d,j,d
136,o,an,f,d,j,i
137,b,m,c,d,j,g
138,z,ai,c,d,j,j
139,l,as,f,d,j,l
140,aa,as,c,d,j,g
141,v,r,f,d,j,l
142,o,ae,c,d,j,g
143,s,as,c,d,j,g
144,v,as,f,d,j,g
145,b,m,c,d,j,j
146,r,ai,f,d,j,g
147,p,r,f,d,j,k
148,l,as,f,d,j,i
149,a,ak,f,d,j,l
150,aa,ae,c,d,j,g
151,l,as,f,d,j,k
152,b,m,c,d,j,j
153,c,ac,c,d,j,g
154,a,ak,f,d,j,j
155,s,as,c,d,j,j
156,z,as,c,d,j,d
157,aa,aq,c,d,j,g
158,r,ai,f,d,j,j
159,s,as,c,d,j,g
160,c,s,c,d,i,j
161,s,m,c,d,i,g
162,l,ae,f,d,i,d
163,m,af,f,d,i,g
164,l,ae,f,d,i,a
165,aa,as,d,d,i,g
166,b,as,c,d,i,h
167,aa,as,d,d,i,j
168,l,as,b,d,i,g
169,p,ae,c,d,i,a
170,k,ae,c,d,i,d
171,c,ac,c,d,i,h
172,l,ae,f,d,i,g
173,aa,as,e,d,i,g
174,r,ae,c,d,i,g
175,k,ak,c,d,i,d
176,v,ak,f,d,i,d
177,c,ae,c,d,i,a
178,aa,ai,c,d,i,g
179,l,s,c,d,i,d
180,b,ai,c,d,i,j
181,s,as,c,d,i,j
182,s,as,d,d,i,h
183,b,m,c,d,i,h
184,l,as,f,d,i,g
185,aa,m,c,d,i,i
186,l,e,f,d,i,l
187,b,m,c,d,i,l
188,e,as,c,d,i,g
189,aa,as,c,d,i,i
190,b,b,c,d,i,a
191,b,as,c,d,i,l
192,v,b,d,d,i,l
193,b,as,c,d,i,j
194,l,ae,f,d,i,g
195,s,e,c,d,i,j
196,r,a,b,d,i,j
197,l,as,f,d,i,k
198,aa,aq,c,d,i,l
199,aa,aq,c,d,i,j
200,l,as,f,d,i,i
201,b,ai,c,d,i,l
202,s,as,c,d,i,i
203,b,ax,c,d,i,l
204,s,ak,c,d,i,d
205,b,ak,c,d,i,d
206,y,h,c,d,i,j
207,aa,as,d,d,i,j
208,aa,as,d,d,i,j
209,a,ak,f,d,i,i
210,t,n,f,d,i,d
211,s,as,c,d,i,g
212,aa,ai,c,d,i,j
213,b,ai,c,d,i,j
214,c,as,c,d,i,c
215,aa,ai,c,d,i,i
216,s,n,c,d,i,g
217,s,m,c,d,i,g
218,s,ae,c,d,i,g
219,aa,as,d,d,i,g
220,aa,ai,c,d,i,g
221,l,as,f,d,i,i
222,aa,as,c,d,i,j
223,b,m,c,d,i,j
224,l,ae,f,d,i,d
225,b,ai,c,d,i,g
226,b,ae,c,d,i,d
227,s,as,c,d,i,j
228,a,ak,f,d,i,l
229,c,m,c,d,i,i
230,v,k,c,d,i,d
231,l,as,f,d,i,a
232,s,as,c,d,i,d
233,l,as,f,d,i,i
234,l,s,c,d,i,j
235,s,as,c,d,i,j
236,b,i,c,d,i,d
237,t,n,f,d,i,l
238,a,as,d,d,i,l
239,l,ae,f,d,i,d
240,aa,as,d,d,i,d
241,b,n,c,d,i,g
242,aa,as,d,d,i,g
243,i,as,c,d,i,l
244,v,as,f,d,i,g
245,b,m,c,d,i,i
246,aa,ai,c,d,i,j
247,s,as,c,d,i,g
248,aa,ai,c,d,i,j
249,a,as,d,d,i,l
250,c,m,c,d,i,g
251,s,as,c,d,i,g
252,s,as,c,d,i,d
253,aa,aq,c,d,i,i
254,l,ae,f,d,i,j
255,l,ae,f,d,i,j
256,b,ai,c,d,i,j
257,a,as,f,d,i,l
258,s,as,c,d,i,k
259,b,ai,c,d,i,g
260,s,as,c,d,i,g
261,s,as,c,d,i,j
262,b,ay,c,d,i,g
263,s,as,c,d,i,j
264,b,ai,c,d,i,j
265,l,r,f,d,i,i
266,l,as,f,d,i,h
267,s,m,c,d,i,j
268,i,as,c,d,i,l
269,v,ae,f,d,i,i
270,s,m,c,d,i,g
271,s,as,c,d,i,g
272,aa,ay,c,d,i,l
273,u,e,c,d,i,g
274,b,m,c,d,i,j
275,l,as,f,d,i,i
276,v,as,f,d,i,g
277,b,f,c,d,i,i
278,b,as,c,d,i,j
279,l,as,f,d,i,g
280,b,b,c,d,i,k
281,b,b,c,d,i,j
282,aa,ay,c,d,i,l
283,s,as,c,d,i,g
284,aa,as,d,d,i,g
285,a,ak,f,d,i,l
286,s,m,c,d,i,h
287,l,s,c,d,i,j
288,u,as,c,d,i,a
289,b,m,c,d,i,h
290,aa,ai,c,d,i,l
291,s,as,d,d,i,j
292,v,k,d,d,i,g
293,aa,as,d,d,i,g
294,aa,as,c,d,i,d
295,l,as,f,d,i,j
296,d,as,c,d,i,g
297,v,ae,c,d,i,g
298,b,m,c,d,i,l
299,s,as,g,d,i,d
300,l,as,f,d,i,j
301,u,as,d,d,i,a
302,v,b,d,d,i,l
303,i,as,c,d,i,j
304,s,m,c,d,i,d
305,s,as,c,d,i,e
306,b,ai,c,d,i,g
307,aa,as,d,d,i,j
308,b,as,c,d,i,j
309,o,r,f,d,i,g
310,aa,ai,g,d,i,j
311,l,as,f,d,i,j
312,s,as,c,d,i,i
313,s,as,c,d,i,g
314,b,m,c,d,i,j
315,l,as,f,d,i,i
316,v,ak,g,d,i,i
317,a,ae,f,d,i,i
318,b,as,c,d,i,g
319,aa,as,d,d,i,d
320,s,as,e,d,i,a
321,v,ae,c,d,i,d
322,aa,ay,g,d,i,l
323,aa,as,d,d,i,i
324,s,as,c,d,i,g
325,s,as,c,d,i,g
326,b,as,d,d,i,h
327,r,ai,f,d,i,g
328,s,as,g,d,i,j
329,a,ae,f,d,i,k
330,l,as,f,d,i,h
331,u,as,d,d,i,d
332,s,as,g,d,i,i
333,j,ai,d,d,i,j
334,b,ai,c,d,i,j
335,b,ai,c,d,i,d
336,aa,ay,g,d,i,d
337,v,ao,d,d,i,g
338,w,ak,g,d,i,g
339,a,as,f,d,i,j
340,s,as,g,d,d,d
341,l,ae,f,d,d,j
342,p,ak,f,d,d,d
343,b,as,c,d,d,l
344,c,ac,c,d,d,a
345,aa,ai,g,d,d,l
346,b,ai,c,d,d,i
347,s,as,g,d,d,j
348,l,s,c,d,d,i
349,e,as,c,d,d,d
350,aa,m,c,d,d,l
351,v,ak,c,d,d,g
352,aa,as,g,d,d,d
353,s,as,c,d,d,d
354,aa,ay,g,d,d,g
355,aa,as,d,d,d,g
356,a,ak,f,d,d,d
357,l,s,c,d,d,d
358,l,as,f,d,d,i
359,aa,ai,g,d,d,l
360,l,ae,f,d,d,a
361,aa,i,g,d,d,l
362,b,b,c,d,d,d
363,aa,as,g,d,d,d
364,c,as,c,d,d,j
365,l,ak,f,d,d,d
366,aa,as,g,d,d,g
367,l,ae,f,d,d,a
368,t,h,f,d,d,g
369,aa,f,g,d,d,j
370,aa,as,g,d,d,l
371,aa,ay,g,d,d,j
372,u,as,c,d,d,g
373,l,s,c,d,d,k
374,b,r,c,d,d,l
375,s,as,g,d,d,k
376,aa,ai,g,d,d,j
377,l,ae,f,d,d,g
378,aa,m,g,d,d,a
379,v,as,f,d,d,g
380,h,as,f,d,d,g
381,b,m,c,d,d,h
382,s,as,g,d,d,g
383,l,as,f,d,d,i
384,i,as,d,d,d,l
385,l,s,c,d,d,j
386,i,as,c,d,d,l
387,aa,as,d,d,d,g
388,s,m,c,d,d,j
389,aa,ai,g,d,d,d
390,s,as,c,d,d,g
391,r,as,f,d,d,d
392,aa,ai,g,d,d,g
393,aa,as,d,d,d,g
394,l,as,d,d,d,i
395,c,ae,c,d,d,g
396,aa,m,g,d,d,j
397,l,s,c,d,d,j
398,aa,as,g,d,d,j
399,l,as,f,d,d,g
400,q,as,g,d,d,a
401,aa,m,g,d,d,a
402,c,m,c,d,d,h
403,aa,ai,g,d,d,l
404,s,as,d,d,d,g
405,aa,ai,g,d,d,i
406,s,as,g,d,d,d
407,b,f,c,d,d,j
408,l,as,f,d,d,i
409,i,as,c,d,d,j
410,s,m,c,d,d,j
411,l,ae,f,d,d,d
412,i,as,b,d,d,d
413,l,as,f,d,d,i
414,aa,ai,g,d,d,j
415,aa,ai,g,d,d,g
416,b,a,d,d,d,g
417,aa,as,g,d,d,g
418,l,as,f,d,d,g
419,s,as,g,d,d,g
420,aa,m,g,d,d,h
421,s,as,g,d,d,i
422,aa,ae,g,d,d,d
423,aa,f,g,d,d,i
424,aa,ay,g,d,d,g
425,aa,m,g,d,d,i
426,aa,as,d,d,d,g
427,aa,as,g,d,d,d
428,s,m,c,d,d,g
429,l,as,f,d,d,d
430,c,ac,c,d,d,g
431,aa,as,d,d,d,i
432,v,ao,d,d,d,i
433,i,as,c,d,d,l
434,aa,ai,c,d,d,i
435,l,as,f,d,d,g
436,aa,as,d,d,d,j
437,s,as,g,d,d,g
438,l,r,f,d,d,a
439,h,ap,f,d,d,l
440,aa,ai,g,d,d,d
441,b,m,c,d,d,j
442,l,as,f,d,d,i
443,b,aq,c,d,d,d
444,m,as,f,d,d,j
445,aa,as,d,d,d,j
446,s,as,c,d,d,j
447,v,e,c,d,d,d
448,s,m,c,d,d,g
449,aa,as,b,d,d,l
450,b,m,c,d,d,g
451,s,as,g,d,d,g
452,aa,ai,g,d,d,i
453,v,as,f,d,d,i
454,aa,as,d,d,d,g
455,b,as,c,d,d,j
456,aa,ay,g,d,d,l
457,l,as,c,d,d,g
458,i,as,c,d,d,l
459,l,n,f,d,d,l
460,l,as,f,d,d,i
461,aa,ai,g,d,d,i
462,l,as,d,d,d,i
463,l,s,c,d,d,j
464,aa,as,d,d,d,g
465,u,as,g,d,d,i
466,b,m,c,d,d,j
467,v,n,f,d,d,l
468,aa,ai,g,d,d,l
469,l,as,f,d,d,g
470,i,ae,c,d,d,d
471,s,as,a,d,d,d
472,l,as,f,d,d,i
473,aa,ai,c,d,d,g
474,l,r,f,d,d,k
475,aa,as,d,d,d,j
476,aa,ai,g,d,d,j
477,s,as,g,d,d,d
478,aa,as,c,d,d,j
479,v,ao,d,d,d,i
480,aa,as,d,d,d,d
481,a,as,f,d,d,h
482,aa,p,c,d,d,j
483,s,as,g,d,d,i
484,aa,ai,g,d,d,j
485,l,as,f,d,d,i
486,aa,ai,c,d,d,g
487,s,as,g,d,d,i
488,aa,ai,g,d,d,j
489,s,as,c,d,d,j
490,s,as,g,d,d,g
491,b,ag,c,d,d,a
492,e,ap,c,d,d,j
493,aa,m,c,d,d,g
494,l,s,c,d,d,h
495,aa,m,c,d,d,l
496,a,as,f,d,d,i
497,aa,as,d,d,d,j
498,s,as,g,d,d,j
499,aa,as,d,d,d,j
500,l,e,f,d,d,g
501,aa,ay,c,d,d,l
502,l,as,f,d,d,j
503,b,ai,c,d,d,g
504,v,as,f,d,d,l
505,l,as,f,d,d,g
506,l,as,d,d,d,h
507,aa,as,c,d,d,g
508,v,ae,g,d,d,d
509,s,m,c,d,d,g
510,a,as,g,d,d,j
511,aa,m,c,d,d,g
512,s,as,g,d,d,g
513,v,k,d,d,d,j
514,s,m,c,d,d,j
515,aa,as,d,d,d,g
516,c,m,c,d,d,i
517,aa,ai,c,d,d,g
518,s,m,c,d,d,j
519,c,ae,c,d,d,a
520,j,b,c,d,d,d
521,s,as,g,d,d,g
522,aa,ai,c,d,d,g
523,b,m,c,d,d,a
524,s,as,g,d,d,h
525,s,as,g,d,d,g
526,b,as,c,d,d,g
527,w,as,f,d,d,g
528,aa,as,c,d,d,g
529,aa,aq,c,d,d,g
530,c,ac,c,d,d,i
531,j,p,c,d,d,j
532,c,ac,c,d,c,g
533,l,ae,f,d,c,g
534,b,ai,c,d,c,j
535,b,m,c,d,c,j
536,aa,as,d,d,c,j
537,i,ae,c,d,c,g
538,s,as,g,d,c,g
539,b,n,c,d,c,c
540,l,as,f,d,c,i
541,aa,as,e,d,c,d
542,m,ae,c,d,c,d
543,v,au,c,d,c,j
544,s,m,c,d,c,g
545,a,ak,f,d,c,i
546,j,as,c,d,c,g
547,aa,as,c,d,c,j
548,l,as,f,d,c,a
549,b,ai,c,d,c,j
550,s,as,c,d,c,g
551,s,as,c,d,c,d
552,b,ai,c,d,c,j
553,s,as,d,d,c,g
554,aa,as,c,d,c,d
555,v,ae,c,d,c,g
556,l,as,b,d,c,g
557,i,ae,c,d,c,g
558,aa,as,c,d,c,d
559,i,as,c,d,c,j
560,t,as,d,d,c,f
561,b,as,c,d,c,h
562,s,m,c,d,c,i
563,a,as,f,d,c,g
564,s,m,c,d,c,g
565,l,as,f,d,c,i
566,b,ai,c,d,c,j
567,s,as,g,d,c,g
568,aa,as,c,d,c,g
569,l,as,f,d,c,g
570,l,s,c,d,c,d
571,b,f,c,d,c,d
572,l,as,f,d,c,g
573,b,m,c,d,c,i
574,b,a,c,d,c,i
575,l,as,f,d,c,g
576,b,m,c,d,c,l
577,l,as,f,d,c,j
578,aa,as,d,d,c,d
579,l,as,f,d,c,h
580,b,ai,c,d,c,g
581,l,s,c,d,c,j
582,j,aq,c,d,c,g
583,s,m,a,d,c,g
584,aa,as,c,d,c,h
585,s,m,c,d,c,j
586,l,n,f,d,c,i
587,b,ae,c,d,c,i
588,b,m,c,d,c,h
589,l,s,c,d,c,j
590,l,as,f,d,c,a
591,aa,ao,d,d,c,i
592,b,f,c,d,c,a
593,l,as,f,d,c,i
594,b,m,c,d,c,a
595,b,e,c,d,c,l
596,s,n,f,d,c,g
597,aa,as,c,d,c,j
598,v,k,d,d,c,g
599,aa,m,c,d,c,l
600,aa,as,c,d,c,d
601,b,ak,c,d,c,i
602,b,f,a,d,c,g
603,l,as,f,d,c,i
604,e,as,c,d,c,d
605,b,m,c,d,c,g
606,l,ap,f,d,c,i
607,aa,m,c,d,c,j
608,v,t,d,d,c,g
609,o,ai,f,d,c,g
610,e,as,c,d,c,j
611,aa,as,c,d,c,g
612,l,as,f,d,c,i
613,aa,as,d,d,c,d
614,y,b,c,d,c,j
615,v,e,c,d,c,g
616,s,m,a,d,c,h
617,aa,as,d,d,c,i
618,j,as,d,d,c,j
619,s,m,c,d,c,g
620,aa,as,d,d,c,g
621,s,ae,g,d,c,j
622,l,as,b,d,c,g
623,s,as,a,d,c,h
624,b,ai,c,d,c,g
625,s,as,d,d,c,g
626,l,as,f,d,c,j
627,b,ai,a,d,c,j
628,s,as,c,d,c,d
629,v,ak,f,d,c,g
630,aa,as,d,d,c,d
631,aa,as,d,d,c,d
632,aa,ay,c,d,c,l
633,b,m,a,d,c,l
634,v,as,f,d,c,f
635,aa,as,d,d,c,g
636,c,ae,c,d,c,j
637,aa,as,e,d,c,d
638,l,as,f,d,c,j
639,aa,as,d,d,c,j
640,l,ae,f,d,c,j
641,aa,as,d,d,c,d
642,u,as,g,d,c,g
643,b,m,c,d,c,j
644,t,as,d,d,c,k
645,aa,ai,c,d,c,j
646,s,as,g,d,c,g
647,aa,aq,c,d,c,l
648,h,as,f,d,c,g
649,v,as,d,d,c,f
650,aa,aq,c,d,c,l
651,b,ai,c,d,c,g
652,s,as,g,d,c,j
653,l,ae,f,d,af,h
654,l,as,d,d,af,j
655,b,m,a,d,af,j
656,s,as,c,d,af,g
657,l,as,b,d,af,g
658,b,a,c,d,af,g
659,l,as,f,d,af,g
660,aa,as,d,d,af,j
661,aa,as,d,d,af,j
662,c,ac,c,d,af,a
663,b,as,a,d,af,j
664,a,as,f,d,af,l
665,l,as,f,d,af,j
666,o,ae,g,d,af,g
667,s,m,a,d,af,j
668,b,ai,b,d,af,j
669,c,r,a,d,af,a
670,aa,as,d,d,af,j
671,l,as,f,d,af,g
672,l,as,c,d,af,g
673,aa,as,d,d,af,d
674,s,as,c,d,af,a
675,n,ak,f,d,af,k
676,r,e,c,d,af,d
677,v,as,f,d,af,f
678,aa,as,d,d,af,j
679,t,ae,f,d,af,g
680,aa,as,d,d,af,j
681,c,ae,a,d,af,a
682,l,ae,f,d,af,d
683,l,m,f,d,af,j
684,aa,aq,c,d,af,g
685,aa,as,d,d,af,j
686,s,m,a,d,af,g
687,aa,as,d,d,af,d
688,y,b,c,d,af,j
689,aa,as,d,d,af,g
690,l,ae,f,d,af,g
691,c,ae,c,d,af,j
692,aa,as,d,d,af,d
693,aa,ao,d,d,af,i
694,b,aq,b,d,af,g
695,aa,as,d,d,af,d
696,l,as,f,d,af,i
697,y,b,c,d,af,j
698,b,m,c,d,af,h
699,aa,ay,c,d,af,a
700,s,as,c,d,af,d
701,b,a,d,d,af,j
702,a,as,f,d,af,h
703,e,as,a,d,af,i
704,s,m,a,d,af,j
705,b,as,c,d,af,i
706,s,as,c,d,af,g
707,s,as,c,d,af,i
708,b,m,c,d,af,l
709,v,as,f,d,af,g
710,c,ae,a,d,af,g
711,i,as,a,d,af,j
712,l,ae,f,d,af,d
713,l,ak,f,d,af,i
714,aa,as,d,d,af,g
715,s,m,a,d,af,g
716,b,as,c,d,af,h
717,aa,as,d,d,af,g
718,v,ae,c,d,af,j
719,l,as,f,d,af,l
720,aa,as,d,d,af,d
721,u,as,c,d,af,g
722,aa,as,d,d,af,d
723,l,ak,f,d,af,i
724,c,m,c,d,af,j
725,b,n,c,d,af,j
726,aa,m,a,d,af,l
727,e,as,a,d,af,d
728,s,n,f,d,af,g
729,aa,ay,c,d,af,i
730,s,as,c,d,af,g
731,l,as,f,d,af,g
732,s,as,d,d,af,g
733,l,s,c,d,af,h
734,b,ai,c,d,af,g
735,b,ak,a,d,af,d
736,b,f,a,d,af,g
737,aa,m,g,d,af,d
738,b,i,a,d,af,h
739,l,as,b,d,af,g
740,aa,m,a,d,af,h
741,l,ae,f,d,af,a
742,b,b,c,d,af,l
743,c,s,a,d,af,d
744,aa,aq,c,d,af,l
745,l,as,f,d,af,g
746,aa,ai,c,d,af,i
747,s,as,c,d,af,g
748,l,n,f,d,af,h
749,b,m,c,d,af,l
750,aa,ai,c,d,af,j
751,s,as,c,d,af,d
752,l,as,f,d,af,i
753,l,s,c,d,af,j
754,r,r,f,d,af,g
755,aa,as,c,d,af,j
756,s,m,a,d,af,j
757,b,as,c,d,af,i
758,l,as,f,d,af,j
759,s,m,a,d,af,g
760,j,aq,a,d,af,c
761,b,b,a,d,af,l
762,i,as,c,d,af,j
763,o,ai,f,d,af,g
764,v,n,f,d,af,l
765,aa,m,g,d,af,d
766,aa,ai,c,d,af,i
767,l,as,f,d,af,g
768,s,as,g,d,af,j
769,v,au,c,d,af,g
770,s,as,g,d,af,g
771,l,as,b,d,af,g
772,i,as,c,d,af,l
773,aa,ay,g,d,af,j
774,b,e,a,d,af,h
775,l,as,b,d,af,g
776,b,b,a,d,af,g
777,b,as,d,d,af,e
778,l,as,f,d,af,i
779,aa,ai,g,d,af,g
780,c,s,a,d,af,d
781,aa,as,c,d,af,h
782,aa,aq,g,d,af,i
783,v,as,g,d,af,i
784,s,m,a,d,af,j
785,p,as,d,d,af,i
786,aa,as,g,d,af,c
787,l,ae,f,d,af,g
788,aa,m,g,d,af,j
789,l,s,c,d,af,d
790,a,ak,f,d,af,i
791,l,as,f,d,af,d
792,b,ak,c,d,af,b
793,u,as,g,d,af,g
794,aa,m,g,d,af,l
795,l,as,f,d,af,d
796,aa,m,c,d,af,h
797,v,ao,d,d,af,i
798,l,s,c,d,af,d
799,aa,as,g,d,af,l
800,aa,f,g,d,af,i
801,b,m,c,d,af,g
802,s,as,c,d,af,j
803,b,m,a,d,af,h
804,b,m,a,d,af,h
805,v,as,f,d,af,f
806,aa,aq,c,d,af,l
807,l,s,c,d,af,j
808,s,as,a,d,af,i
809,b,b,c,d,af,l
810,aa,ai,c,d,af,i
811,aa,ay,g,d,af,j
812,l,as,f,d,af,g
813,r,ai,f,d,af,d
814,s,m,a,d,af,j
815,aa,as,e,d,af,j
816,s,as,d,d,af,d
817,l,ae,f,d,af,g
818,b,as,c,d,af,j
819,s,m,a,d,af,i
820,i,as,c,d,af,j
821,aa,e,g,d,af,g
822,v,n,f,d,af,g
823,aa,m,c,d,af,j
824,v,as,f,d,af,f
825,l,as,f,d,af,i
826,e,ap,c,d,af,j
827,s,as,c,d,af,g
828,aa,ai,c,d,af,j
829,l,as,d,d,af,i
830,i,as,c,d,af,j
831,l,as,f,d,af,i
832,l,as,f,d,af,i
833,aa,ao,d,d,af,j
834,b,as,c,d,af,j
835,l,ae,f,d,af,g
836,l,s,c,d,af,d
837,l,as,f,d,af,j
838,l,as,b,d,af,g
839,s,m,a,d,af,j
840,l,ak,f,d,af,i
841,aa,as,e,d,af,g
842,i,as,c,d,af,j
843,aa,ay,c,d,af,j
844,l,as,f,d,af,i
845,aa,ai,c,d,af,j
846,c,as,c,d,af,j
847,b,ae,c,d,af,j
848,l,r,f,d,af,k
849,aa,ai,c,d,af,j
850,b,ai,c,d,af,h
851,l,as,f,d,af,g
852,s,as,c,d,af,i
853,l,as,f,d,af,i
854,i,as,c,d,af,l
855,s,m,a,d,af,g
856,u,m,a,d,af,l
857,aa,as,c,d,af,g
858,aa,ai,c,d,af,l
859,h,as,f,d,af,i
860,s,as,g,d,af,j
861,aa,ay,c,d,af,j
862,s,as,a,d,af,d
863,i,as,c,d,af,j
864,s,m,c,d,af,h
865,aa,ao,d,d,af,i
866,l,as,f,d,af,d
867,aa,as,d,d,af,g
868,e,ap,c,d,af,j
869,aa,ay,c,d,af,g
870,aa,ai,c,d,ag,g
871,aa,ai,c,d,ag,h
872,l,n,f,d,ag,g
873,z,b,c,d,ag,g
874,s,ae,c,d,ag,g
875,l,ae,f,d,ag,d
876,a,z,f,d,ag,l
877,b,i,c,d,ag,j
878,s,m,a,d,ag,g
879,a,ak,f,d,ag,j
880,r,as,f,d,ag,i
881,s,ae,g,d,ag,j
882,v,e,c,d,ag,g
883,b,y,d,d,ag,j
884,v,a,d,d,ag,j
885,b,m,c,d,ag,j
886,y,b,c,d,ag,j
887,s,as,g,d,ag,j
888,b,ak,c,d,ag,d
889,l,as,f,d,ag,g
890,v,p,c,d,ag,i
891,s,as,c,d,ag,g
892,h,as,f,d,ag,i
893,s,m,a,d,ag,g
894,a,ak,f,d,ag,l
895,aa,ai,c,d,ag,j
896,b,ai,c,d,ag,l
897,aa,ai,c,d,ag,g
898,l,as,f,d,ag,i
899,z,ai,c,d,ag,a
900,w,ai,c,d,ag,a
901,l,as,f,d,ag,i
902,b,r,c,d,ag,h
903,aa,m,c,d,ag,h
904,l,r,f,d,ag,g
905,r,as,d,d,ag,j
906,u,as,a,d,ag,l
907,r,ak,f,d,ag,g
908,s,m,c,d,ag,h
909,l,ae,f,d,ag,d
910,v,k,d,d,ag,j
911,s,ae,c,d,ag,j
912,z,m,c,d,ag,d
913,l,as,f,d,ag,g
914,aa,ai,c,d,ag,j
915,s,as,g,d,ag,d
916,v,ak,c,d,ag,i
917,b,m,c,d,ag,i
918,c,m,c,d,ag,j
919,aa,as,c,d,ag,g
920,b,ai,c,d,ag,l
921,r,r,f,d,ag,g
922,c,ac,c,d,ag,j
923,aa,ai,c,d,ag,l
924,s,as,g,d,ag,g
925,k,ae,c,d,ag,g
926,b,r,c,d,ag,g
927,aa,ai,c,d,ag,i
928,l,n,f,d,ag,j
929,l,as,f,d,ag,j
930,b,m,c,d,ag,g
931,r,r,f,d,ag,i
932,v,as,f,d,ag,f
933,aa,ai,c,d,ag,d
934,b,m,c,d,ag,h
935,s,as,c,d,ag,g
936,r,as,f,d,ag,j
937,b,m,c,d,ag,h
938,l,as,f,d,ag,i
939,r,as,d,d,ag,j
940,v,ae,f,d,ag,j
941,w,ac,f,d,ag,j
942,l,as,f,d,ag,g
943,z,as,c,d,ag,d
944,v,ai,c,d,ag,j
945,l,as,d,d,ag,g
946,s,m,c,d,ag,g
947,o,ai,f,d,ag,g
948,v,r,c,d,ag,i
949,aa,f,c,d,ag,g
950,u,as,g,d,ag,d
951,i,as,c,d,ag,l
952,z,ai,c,d,ag,l
953,s,as,c,d,ag,j
954,aa,ai,c,d,ag,j
955,l,as,f,d,ag,g
956,l,n,f,d,ag,a
957,f,ay,c,d,ag,a
958,l,ap,f,d,ag,g
959,aa,ai,c,d,ag,l
960,l,s,c,d,ag,d
961,aa,as,d,d,ag,j
962,s,as,c,d,ag,g
963,b,a,c,d,ag,h
964,o,ai,f,d,ag,d
965,y,b,c,d,ag,j
966,aa,ai,c,d,ag,j
967,s,as,c,d,ag,i
968,r,ak,f,d,ag,a
969,aa,ai,c,d,ag,h
970,w,aq,d,d,ag,l
971,l,s,c,d,ag,j
972,l,ae,f,d,ag,j
973,a,as,f,d,ag,g
974,l,as,b,d,ag,g
975,aa,as,d,d,ag,d
976,t,ak,f,d,ag,k
977,y,as,c,d,ag,j
978,v,e,c,d,ag,g
979,s,ae,c,d,ag,d
980,i,e,c,d,ag,g
981,o,ak,f,d,ag,i
982,c,ac,c,d,ag,a
983,v,ae,c,d,ag,d
984,s,as,d,d,ag,g
985,aa,ai,c,d,ag,l
986,aa,ai,c,d,ag,g
987,b,as,b,d,ag,h
988,r,ak,f,d,ag,g
989,s,as,c,d,ag,g
990,aa,ai,c,d,ag,g
991,e,as,c,d,ag,g
992,s,as,c,d,ag,i
993,aa,ai,c,d,ag,i
994,s,as,c,d,ag,g
995,b,ai,c,d,ag,d
996,aa,ai,c,d,ag,d
997,l,as,f,d,ag,d
998,v,k,d,d,ag,i
999,aa,f,c,d,ag,l
1000,w,ak,f,d,ag,g
1001,s,as,c,d,ag,i
1002,r,ag,f,d,ag,d
1003,a,ak,f,d,ag,j
1004,u,m,c,d,ag,l
1005,v,as,f,d,ag,f
1006,s,as,f,d,ag,j
1007,b,ae,c,d,ag,g
1008,v,n,c,d,ag,a
1009,c,ae,c,d,ag,k
1010,b,as,c,d,ag,g
1011,a,ak,f,d,ag,l
1012,s,ae,c,d,ag,i
1013,i,as,c,d,ag,l
1014,aa,ai,c,d,ag,c
1015,aa,as,c,d,ag,j
1016,s,as,c,d,ag,g
1017,aa,ai,c,d,ag,a
1018,l,as,f,d,ag,i
1019,l,as,f,d,ag,j
1020,a,ak,f,d,ag,g
1021,t,as,c,d,ag,a
1022,v,aw,c,d,ag,j
1023,c,ae,c,d,ag,j
1024,a,ak,f,d,ag,l
1025,u,ae,c,d,ag,l
1026,o,ai,f,d,ag,g
1027,aa,aq,c,d,ag,l
1028,s,as,a,d,ag,h
1029,l,as,f,d,ag,g
1030,aa,ao,d,d,ag,g
1031,r,f,f,d,ag,j
1032,r,as,f,d,ag,i
1033,s,r,c,d,ag,a
1034,r,ae,c,d,ag,j
1035,aa,ai,c,d,ag,l
1036,b,ae,c,d,ag,d
1037,o,ai,f,d,ag,g
1038,z,ae,e,d,ag,i
1039,b,b,c,d,ag,j
1040,z,as,e,d,ag,a
1041,v,as,f,d,ag,f
1042,a,ak,f,d,ag,l
1043,l,as,f,d,ag,j
1044,v,e,c,d,ag,g
1045,s,m,c,d,ag,j
1046,y,b,c,d,ag,j
1047,r,r,f,d,ag,j
1048,s,m,c,d,ag,h
1049,r,ae,e,d,ag,i
1050,b,ae,c,d,ag,d
1051,a,ak,f,d,ag,i
1052,s,as,c,d,ag,i
1053,s,as,c,d,ag,d
1054,v,ai,e,d,ag,g
1055,s,as,c,d,ag,j
1056,aa,ai,e,d,ag,g
1057,aa,as,a,d,ag,i
1058,l,as,f,d,ag,j
1059,v,ae,e,d,ag,d
1060,v,as,f,d,ag,i
1061,c,m,c,d,ag,g
1062,aa,as,e,d,ag,k
1063,c,r,c,d,ag,g
1064,i,as,c,d,ag,j
1065,b,as,c,d,ag,d
1066,l,s,c,d,ag,d
1067,t,as,d,d,ag,a
1068,b,ai,c,d,ag,b
1069,h,as,f,d,ag,j
1070,e,as,c,d,ag,j
1071,b,as,d,d,ab,j
1072,i,ae,c,d,ab,d
1073,s,m,c,d,ab,i
1074,l,s,c,d,ab,k
1075,w,ai,e,d,ab,l
1076,s,as,g,d,ab,g
1077,aa,as,e,d,ab,h
1078,v,ae,c,d,ab,j
1079,b,as,d,d,ab,j
1080,b,m,c,d,ab,g
1081,s,m,c,d,ab,i
1082,l,as,f,d,ab,d
1083,s,as,c,d,ab,g
1084,z,ag,e,d,ab,g
1085,aa,ao,d,d,ab,g
1086,aa,as,e,d,ab,d
1087,v,k,d,d,ab,e
1088,l,ak,c,d,ab,j
1089,aa,f,e,d,ab,j
1090,v,as,c,d,ab,j
1091,aa,f,e,d,ab,l
1092,v,r,c,d,ab,d
1093,m,as,d,d,ab,g
1094,s,as,e,d,ab,g
1095,aa,m,e,d,ab,l
1096,e,as,c,d,ab,g
1097,aa,f,e,d,ab,i
1098,aa,ai,e,d,ab,g
1099,s,as,e,d,ab,g
1100,aa,as,d,d,ab,j
1101,aa,ai,e,d,ab,g
1102,aa,as,c,d,ab,j
1103,b,as,c,d,ab,d
1104,b,ae,c,d,ab,a
1105,s,as,e,d,ab,d
1106,aa,ao,a,d,ab,a
1107,v,r,e,d,ab,i
1108,aa,f,e,d,ab,l
1109,l,n,f,d,ab,g
1110,b,ai,c,d,ab,j
1111,v,k,a,d,ab,j
1112,l,as,f,d,ab,d
1113,b,as,c,d,ab,j
1114,v,as,f,d,ab,a
1115,aa,ai,e,d,ab,j
1116,s,as,e,d,ab,g
1117,r,f,f,d,ab,j
1118,s,as,e,d,ab,j
1119,w,n,f,d,ab,a
1120,a,ae,f,d,ab,j
1121,aa,m,e,d,ab,j
1122,l,as,f,d,ab,g
1123,s,m,c,d,ab,j
1124,b,as,c,d,ab,l
1125,n,as,c,d,ab,d
1126,b,a,d,d,ab,g
1127,aa,ai,e,d,ab,g
1128,s,n,c,d,ab,i
1129,aa,f,e,d,ab,g
1130,aa,m,e,d,ab,g
1131,aa,f,e,d,ab,l
1132,v,n,f,d,ab,l
1133,l,as,f,d,ab,d
1134,aa,as,d,d,ab,i
1135,aa,ai,e,d,ab,j
1136,aa,as,c,d,ab,h
1137,aa,ai,e,d,ab,j
1138,l,s,c,d,ab,j
1139,aa,as,a,d,ab,j
1140,l,as,f,d,ab,g
1141,r,d,f,d,ab,g
1142,s,as,e,d,ab,d
1143,aa,ai,e,d,ab,j
1144,c,ae,c,d,ab,j
1145,o,as,f,d,ab,l
1146,l,as,f,d,ab,g
1147,aa,ai,c,d,ab,j
1148,aa,ai,e,d,ab,g
1149,v,as,c,d,ab,l
1150,g,m,c,d,ab,d
1151,aa,as,c,d,ab,g
1152,l,as,f,d,ab,g
1153,v,as,e,d,ab,i
1154,s,as,e,d,ab,j
1155,b,ai,c,d,ab,g
1156,l,s,c,d,ab,j
1157,aa,m,e,d,ab,h
1158,l,as,f,d,ab,j
1159,aa,ao,a,d,ab,g
1160,l,as,f,d,ab,g
1161,aa,as,e,d,ab,h
1162,v,t,d,d,ab,g
1163,v,ak,e,d,ab,e
1164,b,as,c,d,ab,g
1165,aa,ao,a,d,ab,g
1166,r,ai,f,d,ab,l
1167,l,ak,f,d,ab,i
1168,l,as,f,d,ab,l
1169,v,n,f,d,ab,i
1170,aa,ai,e,d,ab,j
1171,aa,as,a,d,ab,d
1172,aa,as,d,d,ab,a
1173,b,as,c,d,ab,d
1174,a,ak,f,d,ab,d
1175,s,as,e,d,ab,g
1176,aa,as,a,d,ab,d
1177,b,m,c,d,ab,l
1178,r,ae,e,d,ab,a
1179,aa,ak,e,d,ab,g
1180,l,as,f,d,ab,i
1181,aa,ao,a,d,ab,d
1182,aa,aq,b,d,ab,j
1183,l,as,f,d,ab,a
1184,l,as,f,d,ab,i
1185,s,as,d,d,ab,j
1186,b,a,d,d,ab,j
1187,aa,ai,c,d,ab,l
1188,u,as,e,d,ab,i
1189,b,z,c,d,ab,l
1190,aa,m,e,d,ab,h
1191,aa,as,c,d,ab,h
1192,t,ap,e,d,ab,j
1193,aa,ao,a,d,ab,g
1194,aa,ai,e,d,ab,j
1195,r,f,f,d,ab,l
1196,b,as,c,d,ab,j
1197,c,m,c,d,ab,i
1198,l,ae,f,d,ab,g
1199,b,aq,c,d,ab,g
1200,aa,n,c,d,ab,g
1201,aa,m,e,d,ab,c
1202,m,as,c,d,ab,j
1203,b,as,c,d,ab,h
1204,b,ai,c,d,ab,j
1205,aa,aq,e,d,ab,i
1206,s,as,c,d,ab,g
1207,aa,as,d,d,ab,g
1208,aa,ai,c,d,ab,j
1209,aa,m,c,d,ab,j
1210,aa,ay,e,d,ab,l
1211,aa,m,c,d,ab,j
1212,e,as,c,d,ab,d
1213,s,as,d,d,ab,j
1214,s,as,e,d,ab,g
1215,s,as,e,d,ab,j
1216,l,ae,f,d,ab,i
1217,b,as,c,d,ab,j
1218,l,ae,f,d,ab,g
1219,b,as,c,d,ab,j
1220,s,as,e,d,ab,i
1221,l,as,f,d,ab,g
1222,i,ap,c,d,ab,j
1223,s,as,c,d,ab,g
1224,s,as,e,d,ab,g
1225,y,b,c,d,ab,j
1226,aa,f,c,d,ab,l
1227,b,ai,c,d,ab,g
1228,c,m,c,d,ab,h
1229,l,ae,f,d,ab,g
1230,v,k,a,d,ab,j
1231,l,as,f,d,ab,d
1232,a,ak,f,d,ab,l
1233,o,ai,f,d,ab,d
1234,l,as,f,d,ab,g
1235,aa,i,c,d,ab,j
1236,aa,ai,c,d,ab,i
1237,l,as,f,d,ab,i
1238,aa,as,c,d,ab,d
1239,v,r,c,d,ab,d
1240,b,ai,c,d,ab,g
1241,v,ak,f,d,ab,i
1242,aa,ai,c,d,ab,j
1243,l,as,f,d,ab,d
1244,aa,ai,c,d,ab,l
1245,l,as,d,d,ab,i
1246,aa,ai,c,d,ab,l
1247,l,ak,f,d,ab,j
1248,b,ay,c,d,ab,g
1249,aa,ae,c,d,ab,g
1250,v,r,c,d,ac,d
1251,aa,f,c,d,ac,j
1252,b,as,c,d,ac,d
1253,l,ae,f,d,ac,c
1254,r,ay,f,d,ac,l
1255,aa,as,c,d,ac,h
1256,s,as,c,d,ac,g
1257,b,ai,c,d,ac,l
1258,aa,ai,c,d,ac,j
1259,n,as,d,d,ac,a
1260,aa,m,c,d,ac,h
1261,s,as,e,d,ac,g
1262,aa,ag,c,d,ac,g
1263,v,as,c,d,ac,j
1264,aa,ay,c,d,ac,l
1265,aa,ao,a,d,ac,a
1266,a,as,f,d,ac,j
1267,l,ae,f,d,ac,g
1268,aa,ai,c,d,ac,j
1269,l,as,f,d,ac,i
1270,b,ai,c,b,ac,c
1271,s,m,c,b,ac,d
1272,aa,as,c,b,ac,d
1273,aa,m,c,b,ac,j
1274,l,as,f,a,ac,a
1275,aa,ae,c,c,ac,a
1276,b,ai,c,d,ac,b
1277,s,as,e,d,ac,j
1278,b,ae,c,d,ac,k
1279,v,r,c,d,ac,d
1280,a,ak,f,d,ac,j
1281,l,as,f,d,ac,i
1282,i,as,c,d,ac,l
1283,c,ae,c,d,ac,g
1284,aa,ay,c,d,ac,g
1285,g,as,c,d,ac,g
1286,l,ae,f,d,ac,g
1287,a,ae,f,d,ac,g
1288,aa,ak,c,d,ac,g
1289,l,n,f,d,ac,g
1290,r,f,f,d,ac,j
1291,v,r,c,d,ac,d
1292,r,e,f,d,ac,j
1293,s,as,c,d,ac,i
1294,s,as,c,d,ac,j
1295,aa,as,c,d,ac,d
1296,c,r,c,d,ac,d
1297,a,ak,f,d,ac,i
1298,v,r,c,d,ac,d
1299,l,n,f,d,ac,g
1300,aa,m,c,d,ac,g
1301,aa,ay,c,d,ac,g
1302,a,ak,f,d,ac,d
1303,aa,as,c,d,ac,h
1304,l,as,d,d,ac,i
1305,v,r,c,d,ac,d
1306,i,as,c,d,ac,j
1307,b,r,c,d,ac,d
1308,a,ak,f,d,ac,g
1309,b,ae,a,d,ac,d
1310,aa,as,c,d,ac,j
1311,i,as,c,d,ac,j
1312,aa,ai,c,d,ac,g
1313,s,as,c,d,ac,i
1314,aa,ao,a,d,ac,g
1315,aa,as,d,d,ac,j
1316,aa,ai,c,d,ac,j
1317,v,k,a,d,ac,j
1318,s,as,c,d,ac,j
1319,aa,as,c,d,ac,g
1320,f,ae,c,d,ac,d
1321,l,as,a,d,ac,d
1322,b,ai,c,d,ac,d
1323,i,as,c,d,ac,j
1324,aa,ae,c,d,ac,a
1325,aa,ae,c,d,ac,a
1326,s,as,c,d,ac,g
1327,r,ak,f,d,ac,i
1328,aa,as,c,d,ac,g
1329,l,as,d,d,ac,g
1330,aa,as,c,d,ac,k
1331,s,as,c,d,ac,i
1332,b,m,c,d,ac,g
1333,l,ak,f,d,ac,i
1334,v,at,d,d,ac,h
1335,aa,ai,e,d,ac,i
1336,a,ak,f,d,ac,l
1337,l,as,f,d,ac,d
1338,l,as,f,d,ac,j
1339,aa,ay,e,d,ac,j
1340,w,as,b,d,ac,i
1341,j,ai,a,d,ac,d
1342,n,as,g,d,ac,d
1343,b,m,a,d,ac,j
1344,aa,e,e,d,ac,l
1345,aa,ai,e,d,ac,j
1346,m,as,c,d,ac,i
1347,w,as,f,d,ac,i
1348,b,ae,a,d,ac,d
1349,aa,f,e,d,ac,g
1350,aa,m,g,d,ac,g
1351,aa,as,d,d,ac,l
1352,aa,as,c,d,ac,d
1353,a,ak,f,d,ac,d
1354,i,as,a,d,ac,l
1355,l,as,f,d,ac,l
1356,aa,as,d,d,ac,j
1357,i,ae,a,d,ac,g
1358,aa,ai,e,d,ac,g
1359,aa,as,e,d,ac,j
1360,l,s,c,d,ac,j
1361,s,as,c,d,ac,i
1362,g,m,a,d,ac,j
1363,a,ak,f,d,ac,j
1364,aa,ai,e,d,ac,i
1365,c,n,a,d,ac,k
1366,b,ae,a,d,ac,d
1367,s,as,d,d,ac,i
1368,aa,ai,c,d,ac,h
1369,c,as,c,d,ac,i
1370,b,as,a,d,ac,j
1371,s,as,g,d,ac,k
1372,r,ak,f,d,ac,d
1373,s,as,g,d,ac,l
1374,b,ae,a,d,ac,l
1375,o,ai,f,d,ac,g
1376,s,as,g,d,ac,g
1377,aa,ai,g,d,ac,j
1378,b,ae,a,d,ac,d
1379,s,as,g,d,ac,g
1380,v,ak,f,d,ac,i
1381,l,as,f,d,ac,g
1382,l,ae,f,d,ac,g
1383,i,as,d,d,ac,l
1384,i,ae,a,d,ac,d
1385,v,ak,f,d,ac,g
1386,a,ae,f,d,ac,l
1387,b,m,a,d,ac,h
1388,b,as,a,d,ac,j
1389,l,as,f,d,ac,g
1390,aa,aq,g,d,ac,h
1391,c,s,c,d,ac,g
1392,b,m,a,d,ac,g
1393,aa,ai,g,d,ac,g
1394,b,ae,a,d,ac,a
1395,aa,as,c,d,ac,j
1396,aa,n,g,d,ac,j
1397,aa,aq,c,d,ac,g
1398,l,as,f,d,ac,a
1399,aa,f,g,d,ac,g
1400,l,as,f,d,ac,g
1401,b,ae,a,d,ac,d
1402,r,z,d,d,ac,l
1403,o,ai,f,d,ac,g
1404,z,m,g,d,ac,a
1405,s,as,c,d,ac,j
1406,l,as,f,d,ac,g
1407,aa,as,g,d,ac,d
1408,s,m,g,d,ac,j
1409,aa,ay,g,d,ac,d
1410,l,as,f,d,ac,g
1411,b,g,d,d,ac,i
1412,aa,as,c,d,ac,j
1413,aa,ay,g,d,ac,j
1414,b,m,a,d,ac,j
1415,s,m,c,d,ac,g
1416,b,ai,a,d,ac,b
1417,v,r,c,d,ac,d
1418,s,as,g,d,ac,i
1419,aa,as,a,d,ac,j
1420,o,ai,f,d,ac,d
1421,v,k,a,d,ac,j
1422,s,as,g,d,ac,h
1423,aa,m,g,d,ac,j
1424,l,as,f,d,ac,g
1425,v,as,g,d,ac,i
1426,b,ae,a,d,ac,b
1427,v,r,c,d,ac,d
1428,l,as,f,d,ac,d
1429,v,n,f,d,ac,d
1430,b,ae,c,d,ac,d
1431,v,as,f,d,ac,i
1432,aa,m,g,d,ac,d
1433,l,as,f,d,ac,d
1434,v,as,f,d,ac,k
1435,s,ae,g,d,ac,g
1436,i,as,a,d,ac,j
1437,v,as,e,d,ac,l
1438,l,s,c,d,ac,h
1439,l,ak,f,d,ac,g
1440,b,as,c,d,ac,j
1441,u,as,g,d,ac,i
1442,aa,as,c,d,ac,g
1443,aa,ai,c,d,ac,j
1444,aa,as,c,d,ac,i
1445,l,as,f,d,ac,a
1446,b,as,e,d,ac,g
1447,aa,ae,g,d,ac,g
1448,v,af,c,d,ac,d
1449,r,f,f,d,ac,j
1450,v,as,c,d,ac,i
1451,b,ai,c,d,ac,j
1452,v,r,c,d,ac,d
1453,a,ak,f,d,ac,g
1454,aa,m,c,d,ac,l
1455,b,aq,a,d,ac,g
1456,aa,m,c,d,ac,j
1457,v,r,c,d,ac,g
1458,l,as,f,d,ac,g
1459,aa,ai,c,d,ac,l
1460,s,ae,c,d,ac,j
1461,j,aq,a,d,ac,d
1462,aa,ae,a,d,ad,b
1463,aa,ay,c,d,ad,g
1464,s,n,c,d,ad,g
1465,s,as,c,d,ad,g
1466,aa,ai,c,d,ad,d
1467,s,as,g,d,ad,g
1468,s,as,d,d,ad,j
1469,b,as,a,d,ad,g
1470,u,as,c,d,ad,i
1471,b,m,c,d,ad,j
1472,b,a,c,d,ad,j
1473,r,ai,f,d,ad,j
1474,b,ak,a,d,ad,h
1475,i,as,a,d,ad,j
1476,v,n,f,d,ad,l
1477,a,ak,f,d,ad,d
1478,c,ae,a,d,ad,g
1479,aa,ai,c,d,ad,g
1480,l,ae,f,d,ad,g
1481,aa,as,a,d,ad,j
1482,v,as,g,d,ad,e
1483,b,m,a,d,ad,l
1484,l,s,c,d,ad,h
1485,c,as,a,d,ad,g
1486,b,ai,a,d,ad,l
1487,s,as,c,d,ad,i
1488,r,ae,c,d,ad,g
1489,l,s,c,d,ad,j
1490,a,ae,f,d,ad,l
1491,aa,as,a,d,ad,j
1492,aa,ai,c,d,ad,j
1493,u,as,g,d,ad,g
1494,i,ae,a,d,ad,i
1495,y,b,c,d,ad,j
1496,v,at,d,d,ad,h
1497,aa,m,c,d,ad,g
1498,aa,am,c,d,ad,a
1499,r,as,c,d,ad,g
1500,l,s,c,d,ad,k
1501,aa,ai,c,d,ad,l
1502,b,ae,a,d,ad,a
1503,aa,as,c,d,ad,k
1504,aa,m,c,d,ad,j
1505,l,as,f,d,ad,i
1506,s,m,a,d,ad,j
1507,b,r,a,d,ad,d
1508,l,ak,f,d,ad,a
1509,aa,as,c,d,ad,g
1510,i,as,c,d,ad,l
1511,aa,ai,c,d,ad,i
1512,o,ai,f,d,ad,g
1513,b,ae,c,d,ad,j
1514,v,ai,c,d,ad,j
1515,s,as,c,d,ad,g
1516,r,ae,c,d,ad,g
1517,b,ae,a,d,ad,g
1518,h,as,f,d,ad,j
1519,aa,ay,c,d,ad,j
1520,u,m,a,d,ad,g
1521,aa,as,c,d,ad,g
1522,aa,ai,c,d,ad,i
1523,w,as,d,d,ad,i
1524,l,s,c,d,ad,j
1525,r,as,f,d,ad,d
1526,v,as,f,d,ad,f
1527,i,as,c,d,ad,l
1528,v,n,f,d,ad,j
1529,b,ae,a,d,ad,d
1530,c,s,a,d,ad,h
1531,l,as,f,d,ad,i
1532,z,z,c,d,ad,l
1533,z,ai,c,d,ad,l
1534,b,r,a,d,ad,j
1535,v,at,d,d,ad,h
1536,v,ae,b,d,ad,g
1537,i,as,c,d,ad,j
1538,b,ai,a,d,ad,j
1539,s,as,a,d,ad,g
1540,o,z,f,d,ad,l
1541,aa,as,d,d,ad,l
1542,b,a,c,d,ad,h
1543,aa,ay,c,d,ad,j
1544,v,n,f,d,ad,a
1545,c,s,c,d,ad,d
1546,b,ai,a,d,ad,d
1547,r,ak,f,d,ad,g
1548,aa,ay,c,d,ad,c
1549,l,s,c,d,ad,k
1550,b,ae,a,d,ad,g
1551,r,f,f,d,ad,j
1552,s,as,g,d,ad,g
1553,aa,as,d,d,ad,g
1554,r,ae,a,d,ad,d
1555,v,as,c,d,ad,d
1556,aa,ai,c,d,ad,i
1557,a,ak,f,d,ad,l
1558,s,m,a,d,ad,j
1559,aa,as,a,d,ad,d
1560,l,s,c,d,ad,d
1561,aa,ai,c,d,ad,j
1562,l,as,d,d,ad,k
1563,c,m,a,d,ad,j
1564,v,ak,c,d,ad,d
1565,v,a,b,d,ad,j
1566,w,ac,f,d,ad,d
1567,b,ae,a,d,ad,g
1568,r,j,b,d,ad,j
1569,l,ak,f,d,ad,g
1570,v,f,a,d,ad,g
1571,s,as,c,d,ad,i
1572,b,ae,a,d,ad,g
1573,l,as,d,d,ad,g
1574,s,as,c,d,ad,j
1575,s,as,c,d,ad,i
1576,r,ak,f,d,ad,i
1577,v,as,f,d,ad,f
1578,aa,as,d,d,ad,h
1579,b,m,a,d,ad,j
1580,aa,ai,c,d,ad,h
1581,aa,as,c,d,ad,d
1582,s,as,c,d,ad,g
1583,i,ae,a,d,ad,d
1584,aa,as,c,d,ad,j
1585,aa,as,a,d,ad,d
1586,m,ae,a,d,ad,h
1587,aa,aq,a,d,ad,g
1588,r,as,f,d,ad,j
1589,b,m,a,d,ad,l
1590,v,as,f,d,ad,f
1591,aa,ai,c,d,ad,a
1592,aa,as,a,d,ad,d
1593,v,as,a,d,ad,j
1594,a,ak,f,d,ad,g
1595,l,s,c,d,ad,d
1596,aa,as,a,d,ad,d
1597,v,as,f,d,ad,j
1598,s,m,a,d,ad,h
1599,b,m,a,d,ad,g
1600,b,f,a,d,ad,j
1601,m,s,c,d,ad,j
1602,b,m,a,d,ad,g
1603,l,as,f,d,ad,i
1604,aa,ai,c,d,ad,g
1605,l,ak,f,d,ad,g
1606,s,as,c,d,ad,j
1607,aa,as,c,d,ad,g
1608,v,as,d,d,ad,f
1609,l,s,c,d,ad,j
1610,b,ai,a,d,ad,l
1611,v,e,c,d,ad,g
1612,i,as,a,d,ad,j
1613,aa,ai,c,d,ad,g
1614,p,as,d,d,ad,g
1615,b,ae,a,d,ad,g
1616,s,as,a,d,ad,c
1617,r,as,d,d,ad,d
1618,aa,n,c,d,ad,g
1619,v,ak,f,d,ad,i
1620,y,b,c,d,ad,j
1621,aa,ai,a,d,ad,j
1622,b,ai,a,d,ad,i
1623,l,as,f,d,ad,j
1624,v,r,a,d,ad,d
1625,b,b,a,d,ad,l
1626,s,as,c,d,ad,i
1627,s,as,c,d,ad,g
1628,r,as,f,d,ad,g
1629,b,aq,c,d,ad,b
1630,l,as,f,d,ad,i
1631,b,as,c,d,ad,j
1632,s,as,c,d,ad,g
1633,b,am,c,d,ad,c
1634,a,ak,f,d,ad,k
1635,a,as,f,d,ad,g
1636,i,as,c,d,ad,j
1637,b,m,c,d,ad,j
1638,s,as,c,d,ad,h
1639,b,as,a,d,ad,j
1640,v,as,f,d,ad,f
1641,l,s,c,d,ad,j
1642,s,m,a,d,ad,h
1643,v,ak,b,d,ad,a
1644,b,as,c,d,ad,i
1645,a,ak,f,d,ad,d
1646,l,as,f,d,ad,d
1647,v,ak,f,d,ad,i
1648,l,as,f,d,ad,d
1649,aa,j,d,d,ad,j
1650,i,as,c,d,ad,l
1651,r,ae,c,d,ad,j
1652,b,ai,c,d,ad,i
1653,s,as,c,d,ad,g
1654,b,m,c,d,ad,l
1655,k,ak,a,d,ad,k
1656,r,ag,f,d,ad,g
1657,v,ae,c,d,ad,g
1658,aa,ai,c,d,ad,a
1659,a,ae,f,d,ad,h
1660,v,n,f,d,ad,g
1661,l,as,f,d,ad,g
1662,q,ai,c,d,ad,j
1663,b,f,c,d,ad,d
1664,s,as,c,d,ad,g
1665,aa,ai,c,d,ad,d
1666,v,as,c,d,ad,i
1667,aa,ai,c,d,ad,l
1668,r,ai,f,d,ad,l
1669,aa,ay,c,d,ad,l
1670,aa,ay,c,d,ad,l
1671,s,as,c,d,ad,g
1672,l,s,c,d,ad,h
1673,s,as,c,d,ad,g
1674,aa,x,c,d,ad,j
1675,v,ak,c,d,ae,j
1676,b,as,c,d,ae,j
1677,r,ae,c,d,ae,j
1678,b,ae,c,d,ae,j
1679,aa,m,c,d,ae,j
1680,b,ai,c,d,ae,d
1681,i,as,c,d,ae,l
1682,l,s,c,d,ae,g
1683,aa,ai,c,d,ae,g
1684,l,r,f,d,ae,a
1685,r,e,c,d,ae,g
1686,c,ac,c,d,ae,j
1687,a,p,f,d,ae,j
1688,l,ae,f,d,ae,g
1689,b,ae,c,d,ae,g
1690,b,ak,c,d,ae,l
1691,w,ae,c,d,ae,g
1692,aa,ai,c,d,ae,j
1693,l,as,f,d,ae,g
1694,aa,as,c,d,ae,j
1695,b,m,c,d,ae,i
1696,l,ae,f,d,ae,l
1697,s,as,c,d,ae,a
1698,b,ae,c,d,ae,h
1699,s,as,c,d,ae,i
1700,aa,ai,c,d,ae,i
1701,v,r,c,d,ae,d
1702,b,f,c,d,ae,g
1703,v,as,f,d,ae,l
1704,b,ai,c,d,ae,j
1705,l,as,f,d,ae,i
1706,s,as,c,d,ae,d
1707,s,as,c,d,ae,g
1708,b,as,c,d,ae,j
1709,r,f,f,d,ae,d
1710,v,ak,f,d,ae,g
1711,l,as,f,d,ae,l
1712,l,s,c,d,ae,j
1713,s,as,c,d,ae,j
1714,w,as,c,d,ae,i
1715,s,m,c,d,ae,j
1716,b,m,c,d,ae,l
1717,f,ak,c,d,ae,b
1718,v,as,c,d,ae,a
1719,l,s,c,d,ae,j
1720,a,as,f,d,ae,g
1721,aa,as,d,d,ae,h
1722,l,ae,f,d,ae,d
1723,aa,as,d,d,ae,d
1724,o,ai,f,d,ae,g
1725,aa,ai,c,d,ae,j
1726,i,ae,c,d,ae,d
1727,i,as,a,d,ae,l
1728,c,as,c,d,ae,i
1729,l,ak,f,d,ae,i
1730,r,as,f,d,ae,d
1731,v,n,f,d,ae,j
1732,b,ai,a,d,ae,g
1733,r,as,f,d,ae,g
1734,s,as,c,d,ae,g
1735,b,as,c,d,ae,j
1736,aa,ai,c,d,ae,g
1737,v,r,c,d,ae,d
1738,aa,as,c,d,ae,d
1739,b,m,c,d,ae,h
1740,s,as,c,d,ae,i
1741,l,as,f,d,ae,g
1742,b,ak,c,d,ae,g
1743,b,ai,c,d,ae,g
1744,l,as,f,d,ae,j
1745,r,a,b,d,ae,j
1746,b,m,c,d,ae,j
1747,s,as,c,d,ae,j
1748,aa,as,c,d,ae,j
1749,s,as,c,d,ae,j
1750,b,a,d,d,ae,j
1751,l,n,f,d,ae,k
1752,aa,ai,c,d,ae,j
1753,b,ai,c,d,ae,a
1754,a,ak,f,d,ae,l
1755,v,as,f,d,ae,j
1756,r,g,d,d,ae,j
1757,l,ae,f,d,ae,g
1758,l,ae,f,d,ae,j
1759,aa,ai,c,d,ae,a
1760,b,as,c,d,ae,c
1761,j,as,b,d,ae,b
1762,h,as,f,d,ae,i
1763,i,as,a,d,ae,l
1764,l,ak,f,d,ae,g
1765,b,as,c,d,ae,j
1766,v,ak,f,d,ae,a
1767,b,ae,c,d,ae,i
1768,t,n,f,d,ae,i
1769,v,f,c,d,ae,j
1770,s,as,c,d,ae,g
1771,b,ai,c,d,ae,g
1772,aa,n,e,d,ae,l
1773,s,as,c,d,ae,h
1774,s,as,c,d,ae,i
1775,aa,ai,c,d,ae,i
1776,s,as,c,d,ae,i
1777,b,f,c,d,ae,j
1778,v,ae,c,d,ae,j
1779,i,as,a,d,ae,l
1780,b,ai,c,d,ae,j
1781,s,as,c,d,ae,j
1782,o,ai,f,d,ae,g
1783,b,ai,c,d,ae,g
1784,v,r,c,d,ae,d
1785,z,ai,c,d,ae,g
1786,i,as,c,d,ae,l
1787,l,ae,f,d,ae,d
1788,s,as,c,d,ae,i
1789,i,as,c,d,ae,l
1790,l,as,f,d,ae,i
1791,aa,as,c,d,ae,j
1792,b,m,c,d,ae,j
1793,s,as,c,d,ae,c
1794,aa,ai,c,d,ae,j
1795,b,m,c,d,ae,h
1796,g,ae,c,d,ae,k
1797,aa,as,c,d,ae,j
1798,s,as,c,d,ae,e
1799,l,as,f,d,ae,i
1800,i,ae,c,d,ae,i
1801,a,as,c,d,ae,h
1802,v,ai,c,d,ae,j
1803,l,ae,f,d,ae,j
1804,b,as,c,d,ae,g
1805,v,r,c,d,ae,d
1806,o,ai,f,d,ae,g
1807,b,ak,c,d,ae,h
1808,n,s,c,d,ae,k
1809,l,as,d,d,ae,i
1810,s,as,c,d,ae,l
1811,n,ak,c,d,ae,j
1812,b,m,c,d,ae,j
1813,a,ak,f,d,ae,g
1814,s,as,c,d,ae,j
1815,s,as,c,d,ae,h
1816,s,as,c,d,ae,d
1817,b,m,c,d,ae,j
1818,v,ae,c,d,ae,a
1819,aa,as,c,d,ae,d
1820,aa,as,c,d,ae,c
1821,c,as,c,d,ae,j
1822,b,ae,c,d,ae,j
1823,b,ai,c,d,ae,g
1824,s,as,c,d,ae,g
1825,b,ai,c,d,ae,d
1826,v,ak,f,d,ae,a
1827,s,as,c,d,ae,d
1828,b,ae,c,d,ae,j
1829,l,r,f,d,ae,d
1830,b,m,c,d,ae,i
1831,l,ak,f,d,ae,l
1832,b,ai,c,d,ae,g
1833,v,r,a,d,ae,d
1834,l,as,f,d,ae,i
1835,r,f,f,d,ae,i
1836,s,as,c,d,ae,j
1837,aa,as,d,d,ae,j
1838,s,as,c,d,ae,g
1839,aa,ae,c,d,ae,a
1840,b,f,c,d,ae,j
1841,r,ae,c,d,ae,h
1842,aa,as,d,d,ae,j
1843,l,as,f,d,ae,g
1844,b,i,c,d,ae,a
1845,a,ak,f,d,ae,i
1846,aa,ai,c,d,ae,j
1847,l,as,f,d,ae,i
1848,v,e,c,d,ae,g
1849,s,as,c,d,ae,i
1850,m,ak,f,d,ae,g
1851,s,as,c,d,ae,g
1852,b,m,c,d,ae,j
1853,w,ak,c,d,ae,g
1854,c,au,c,d,ae,g
1855,y,b,c,d,ae,j
1856,aa,ai,c,d,ae,g
1857,l,as,f,d,ae,i
1858,b,m,c,d,ae,h
1859,v,as,f,d,ae,i
1860,l,as,f,d,ae,g
1861,b,m,c,d,ae,h
1862,c,ae,c,d,ae,d
1863,y,b,c,d,ae,j
1864,b,ai,c,d,ae,j
1865,aa,as,c,d,ae,g
1866,o,as,f,d,ae,g
1867,aa,as,c,d,ae,j
1868,u,as,c,d,ae,d
1869,f,ak,f,d,ae,g
1870,aa,as,c,d,ae,k
1871,s,as,c,d,ah,i
1872,s,as,c,d,ah,h
1873,aa,ai,c,d,ah,g
1874,l,as,f,d,ah,g
1875,aa,as,c,d,ah,d
1876,a,ak,f,d,ah,i
1877,b,ae,d,d,ah,j
1878,aa,as,d,d,ah,j
1879,a,ak,f,d,ah,k
1880,aa,ay,c,d,ah,g
1881,l,as,f,d,ah,g
1882,v,ak,f,d,ah,g
1883,l,r,f,d,ah,g
1884,b,m,c,d,ah,i
1885,l,ae,f,d,ah,j
1886,w,as,f,d,ah,i
1887,b,m,c,d,ah,i
1888,s,ae,c,d,ah,i
1889,s,ak,c,d,ah,i
1890,b,a,d,d,ah,g
1891,aa,ai,c,d,ah,d
1892,a,ak,f,d,ah,i
1893,r,as,f,d,ah,j
1894,v,r,c,d,ah,i
1895,o,e,f,d,ah,i
1896,b,ai,c,d,ah,j
1897,o,z,d,d,ah,j
1898,w,ak,f,d,ah,a
1899,s,as,d,d,ah,g
1900,l,as,f,d,ah,d
1901,s,as,c,d,ah,l
1902,l,s,c,d,ah,j
1903,b,m,c,d,ah,l
1904,b,m,c,d,ah,g
1905,a,ak,f,d,ah,i
1906,l,as,f,d,ah,j
1907,b,m,c,d,ah,g
1908,aa,as,c,d,ah,j
1909,v,r,c,d,ah,d
1910,b,as,a,d,ah,d
1911,s,as,c,d,ah,d
1912,o,ak,c,d,ah,c
1913,l,n,f,d,ah,g
1914,l,as,f,d,ah,i
1915,b,ai,a,d,ah,g
1916,b,e,c,d,ah,j
1917,l,as,f,d,ah,d
1918,l,s,c,d,ah,j
1919,s,as,c,d,ah,j
1920,v,ak,f,d,ah,d
1921,aa,as,d,d,ah,j
1922,l,ae,f,d,ah,j
1923,v,n,f,d,ah,g
1924,u,as,c,d,ah,g
1925,a,ak,f,d,ah,l
1926,l,as,f,d,ah,j
1927,u,as,f,d,ah,a
1928,b,ai,c,d,ah,l
1929,s,as,c,d,ah,g
1930,a,ak,f,d,ah,l
1931,b,m,c,d,ah,l
1932,c,ae,c,d,ah,g
1933,b,m,c,d,ah,j
1934,i,as,c,d,ah,l
1935,aa,as,c,d,ah,i
1936,b,ai,a,d,ah,l
1937,l,as,f,d,ah,i
1938,b,m,c,d,ah,l
1939,aa,aq,c,d,ah,g
1940,l,ae,f,d,ah,l
1941,v,ae,c,d,ah,g
1942,i,x,c,d,ah,j
1943,aa,ab,d,d,ah,j
1944,r,ae,c,d,ah,a
1945,v,ak,c,d,ah,h
1946,v,e,c,d,ah,g
1947,l,ae,f,d,ah,g
1948,b,ai,c,d,ah,g
1949,aa,ae,c,d,ah,i
1950,l,as,f,d,l,i
1951,r,r,f,d,l,l
1952,s,ak,c,d,l,i
1953,i,ae,a,d,l,j
1954,s,as,c,d,l,g
1955,u,ae,c,d,l,h
1956,i,as,a,d,l,j
1957,s,as,c,d,l,l
1958,o,ai,f,d,l,d
1959,s,m,a,d,l,d
1960,aa,as,d,d,l,j
1961,l,ae,f,d,l,d
1962,b,e,c,d,l,j
1963,b,ai,c,d,l,g
1964,v,r,c,d,l,d
1965,l,as,f,d,l,j
1966,b,ai,c,d,l,j
1967,s,as,c,d,l,i
1968,a,ak,f,d,l,a
1969,v,r,a,d,l,d
1970,i,ae,c,d,l,d
1971,aa,b,c,d,l,h
1972,l,ak,f,d,l,i
1973,b,ae,c,d,l,g
1974,v,k,c,d,l,d
1975,l,as,f,d,l,i
1976,b,ae,c,d,l,a
1977,s,as,c,d,l,d
1978,aa,as,e,d,l,j
1979,s,as,c,d,l,i
1980,b,a,d,d,l,g
1981,a,ak,f,d,l,l
1982,f,b,c,d,l,d
1983,v,r,a,d,l,i
1984,s,as,c,d,l,g
1985,r,ai,f,d,l,j
1986,e,as,a,d,l,l
1987,aa,as,c,d,l,g
1988,l,as,f,d,l,i
1989,b,e,a,d,l,j
1990,l,as,f,d,l,l
1991,b,as,a,d,l,j
1992,s,as,c,d,l,k
1993,o,f,f,d,l,j
1994,s,as,c,d,l,d
1995,c,as,a,d,l,g
1996,b,m,a,d,l,g
1997,s,as,c,d,l,a
1998,o,p,f,d,l,j
1999,l,ab,c,d,l,l
2000,s,as,f,d,l,i
2001,b,ai,a,d,l,h
2002,r,r,f,d,l,g
2003,aa,ay,c,d,l,j
2004,b,aq,a,d,l,d
2005,b,m,a,d,l,l
2006,s,m,a,d,l,i
2007,b,m,a,d,l,j
2008,c,ak,a,d,l,j
2009,b,m,a,d,l,j
2010,aa,as,c,d,l,h
2011,l,as,f,d,l,j
2012,z,b,c,d,l,j
2013,l,as,f,d,l,g
2014,b,ai,a,d,l,j
2015,aa,as,c,d,l,l
2016,s,m,c,d,l,g
2017,c,ae,a,d,l,i
2018,aa,b,c,d,l,l
2019,s,as,c,d,l,d
2020,i,as,a,d,l,j
2021,b,ai,c,d,l,l
2022,v,ak,c,d,l,g
2023,r,ai,f,d,l,j
2024,v,ak,f,d,l,g
2025,b,ae,a,d,l,g
2026,a,ak,f,d,l,g
2027,v,r,a,d,l,g
2028,i,as,a,d,l,l
2029,s,as,a,d,l,i
2030,v,ak,d,d,l,a
2031,b,m,a,d,l,h
2032,v,n,f,d,l,h
2033,l,as,f,d,l,a
2034,m,s,c,d,l,j
2035,n,as,c,d,l,d
2036,j,ae,a,d,l,d
2037,l,as,d,d,l,g
2038,aa,f,c,d,l,j
2039,b,m,a,d,l,j
2040,i,as,a,d,l,j
2041,a,ak,f,d,l,g
2042,l,ae,f,d,l,g
2043,r,ae,c,d,l,l
2044,b,m,a,d,l,j
2045,b,e,a,d,l,g
2046,v,n,f,d,l,l
2047,a,ak,f,d,l,l
2048,s,as,c,d,l,g
2049,b,ai,c,d,l,h
2050,s,as,c,d,l,g
2051,b,ae,a,d,l,d
2052,m,ae,c,d,l,g
2053,aa,as,c,d,l,g
2054,a,as,f,d,l,j
2055,s,as,c,d,l,g
2056,b,ai,a,d,l,d
2057,s,as,d,d,l,l
2058,o,f,f,d,l,l
2059,s,as,d,d,l,g
2060,s,m,a,d,l,g
2061,c,ae,a,d,l,g
2062,aa,as,c,d,l,d
2063,l,ak,f,d,l,d
2064,s,e,f,d,l,g
2065,b,ai,a,d,l,l
2066,s,as,c,d,l,j
2067,l,as,f,d,l,i
2068,f,aq,a,d,l,l
2069,j,ae,c,d,l,j
2070,l,ae,f,d,l,d
2071,aa,f,c,d,l,j
2072,l,as,f,d,l,d
2073,r,r,f,d,l,l
2074,s,as,c,d,l,j
2075,b,m,a,d,l,g
2076,t,ac,f,d,l,g
2077,b,m,a,d,l,h
2078,l,ak,f,d,l,g
2079,b,i,a,d,l,h
2080,b,aq,a,d,l,d
2081,a,ak,f,d,l,g
2082,b,a,d,d,l,g
2083,aa,ai,c,d,l,j
2084,l,as,f,d,l,i
2085,v,ak,c,d,l,g
2086,b,m,a,d,l,i
2087,aa,ai,c,d,l,d
2088,i,as,a,d,l,j
2089,l,as,f,d,l,d
2090,aa,as,a,d,l,l
2091,b,as,a,d,l,l
2092,c,m,c,d,l,j
2093,b,m,a,d,l,j
2094,l,m,f,d,l,g
2095,aa,ai,a,d,l,j
2096,s,as,c,d,l,d
2097,c,as,a,d,l,g
2098,v,as,c,d,ah,i
2099,l,ae,f,d,l,g
2100,aa,ab,d,d,l,l
2101,v,r,c,d,l,g
2102,j,ae,d,d,l,g
2103,l,n,f,d,l,g
2104,b,m,c,d,l,j
2105,l,as,f,d,l,i
2106,b,ai,c,d,l,l
2107,n,as,c,d,l,k
2108,a,ak,f,d,l,j
2109,aa,ay,c,d,l,l
2110,l,s,c,d,l,j
2111,l,as,f,d,l,g
2112,b,ae,a,d,l,g
2113,aa,i,c,d,l,j
2114,l,ae,f,d,l,j
2115,b,ai,c,d,l,j
2116,aa,as,d,d,l,j
2117,l,h,f,d,l,l
2118,l,as,f,d,l,d
2119,b,m,a,d,l,j
2120,a,ak,f,d,l,i
2121,l,as,f,d,l,d
2122,i,as,c,d,l,l
2123,b,ak,a,d,l,g
2124,r,ae,c,d,l,i
2125,b,ai,c,d,l,g
2126,b,ai,a,d,l,g
2127,s,as,c,d,l,g
2128,o,as,d,d,l,i
2129,aa,as,c,d,l,h
2130,b,ae,a,d,l,j
2131,s,as,c,d,l,i
2132,k,as,d,d,l,h
2133,s,as,c,d,l,j
2134,b,as,c,d,l,j
2135,b,m,c,d,l,g
2136,l,as,f,d,l,g
2137,aa,ai,c,d,l,l
2138,s,as,c,d,l,j
2139,s,m,c,d,l,j
2140,b,ae,c,d,l,d
2141,l,as,f,d,l,i
2142,ab,aq,f,d,l,i
2143,s,as,c,d,l,g
2144,r,as,f,d,l,d
2145,s,ak,c,d,l,d
2146,aa,as,c,d,l,d
2147,m,as,c,d,l,d
2148,a,ae,f,d,l,j
2149,s,as,c,d,l,j
2150,l,as,f,d,l,j
2151,s,as,d,d,l,g
2152,b,ai,a,d,l,j
2153,o,ai,f,d,l,j
2154,b,w,d,d,l,j
2155,aa,as,d,d,l,g
2156,l,as,f,d,l,g
2157,i,as,c,d,k,l
2158,l,r,f,d,k,l
2159,r,f,f,d,k,j
2160,s,as,a,d,k,j
2161,h,as,f,d,k,g
2162,l,as,f,d,k,g
2163,s,as,c,d,k,j
2164,l,as,f,d,k,g
2165,s,as,b,d,k,l
2166,aa,as,c,d,k,l
2167,aa,ae,c,d,k,g
2168,k,as,d,d,k,d
2169,r,r,f,d,k,g
2170,l,as,f,d,k,j
2171,b,ae,a,d,k,a
2172,i,as,a,d,k,l
2173,c,ak,c,d,k,g
2174,i,as,c,d,k,j
2175,s,as,c,d,k,j
2176,b,m,c,d,k,g
2177,b,ae,c,d,k,l
2178,aa,as,c,d,k,i
2179,l,ae,f,d,k,g
2180,aa,as,c,d,k,d
2181,s,as,c,d,k,i
2182,l,q,f,d,k,g
2183,c,ae,c,d,k,g
2184,b,as,c,d,k,g
2185,v,a,d,d,k,j
2186,aa,ai,c,d,k,d
2187,aa,ay,c,d,k,l
2188,b,ai,c,d,k,j
2189,s,as,c,d,k,i
2190,aa,ai,c,d,k,g
2191,b,ak,c,d,k,j
2192,s,m,c,d,k,j
2193,aa,ai,c,d,k,a
2194,r,f,f,d,k,l
2195,b,m,c,d,k,h
2196,v,ae,c,d,k,d
2197,aa,ai,c,d,k,g
2198,b,ai,c,d,k,j
2199,v,r,c,d,k,d
2200,e,as,c,d,k,l
2201,b,as,c,d,k,l
2202,aa,ai,c,d,k,d
2203,i,ae,c,d,k,j
2204,l,as,f,d,k,g
2205,i,as,c,d,k,j
2206,v,as,f,d,k,k
2207,s,ae,c,d,k,g
2208,aa,ay,c,d,k,l
2209,w,n,f,d,k,j
2210,v,r,c,d,k,d
2211,aa,ay,c,d,k,l
2212,u,as,c,d,k,g
2213,b,ai,c,d,k,j
2214,aa,ae,c,d,k,g
2215,o,ai,f,d,k,d
2216,b,m,a,d,k,j
2217,s,as,c,d,k,l
2218,l,s,c,d,k,j
2219,b,f,c,d,k,j
2220,s,as,c,d,k,g
2221,aa,as,e,d,k,d
2222,l,as,f,d,k,g
2223,b,ae,a,d,k,j
2224,aa,as,c,d,k,g
2225,s,as,c,d,k,g
2226,b,as,c,d,k,h
2227,l,ae,f,d,k,d
2228,aa,aq,c,d,k,h
2229,l,ae,f,d,k,g
2230,l,s,c,d,k,g
2231,a,ak,f,d,k,g
2232,aa,m,c,d,k,h
2233,b,ai,c,d,k,j
2234,b,r,c,d,k,d
2235,s,as,c,d,k,i
2236,c,m,c,d,k,i
2237,l,as,f,d,k,i
2238,aa,f,c,d,k,d
2239,s,as,c,d,k,j
2240,i,ae,c,d,k,j
2241,y,as,c,d,k,j
2242,aa,ai,c,d,k,g
2243,l,as,f,d,k,g
2244,b,a,d,d,k,g
2245,b,m,c,d,k,l
2246,s,as,c,d,k,g
2247,aa,ai,c,d,k,j
2248,aa,as,d,d,k,a
2249,l,as,f,d,k,g
2250,aa,as,c,d,k,d
2251,s,m,c,d,k,h
2252,aa,as,c,d,k,a
2253,w,ac,f,d,k,d
2254,aa,ai,c,d,k,d
2255,aa,as,c,d,k,d
2256,l,as,f,d,k,i
2257,aa,m,c,d,k,j
2258,v,as,c,d,k,d
2259,v,ae,c,d,k,d
2260,i,as,c,d,k,l
2261,l,as,f,d,k,i
2262,aa,ai,c,d,k,l
2263,b,a,c,d,k,g
2264,w,n,f,d,k,a
2265,b,ai,c,d,k,j
2266,aa,as,c,d,k,i
2267,b,ai,c,d,k,g
2268,v,n,f,d,k,g
2269,b,as,b,d,k,b
2270,m,as,c,d,k,h
2271,i,as,c,d,k,l
2272,l,ae,f,d,k,d
2273,s,as,c,d,k,d
2274,aa,as,c,d,k,g
2275,l,as,f,d,k,i
2276,aa,ay,c,d,k,l
2277,b,m,c,d,k,g
2278,l,as,f,d,k,k
2279,w,ak,c,d,k,k
2280,s,as,c,d,k,d
2281,s,as,c,d,k,i
2282,aa,aq,a,d,k,a
2283,aa,g,c,d,k,g
2284,b,ai,c,d,k,i
2285,v,r,c,d,k,d
2286,b,ae,c,d,k,g
2287,aa,m,c,d,k,j
2288,v,as,f,d,k,l
2289,c,ae,c,d,k,j
2290,aa,as,d,d,k,j
2291,aa,aq,c,d,k,i
2292,o,ai,f,d,k,d
2293,v,r,c,d,k,d
2294,z,ai,c,d,k,g
2295,i,as,c,d,k,l
2296,l,ae,f,d,k,a
2297,b,as,c,d,k,d
2298,i,f,c,d,k,j
2299,h,as,d,d,k,a
2300,aa,ai,c,d,k,g
2301,h,as,f,d,k,i
2302,aa,aq,c,d,k,l
2303,n,m,c,d,k,c
2304,aa,m,c,d,k,j
2305,i,ae,c,d,k,g
2306,s,as,c,d,k,g
2307,h,as,f,d,k,j
2308,aa,as,d,d,k,d
2309,l,ae,f,d,k,i
2310,a,ak,f,d,k,a
2311,v,as,c,d,k,g
2312,l,ae,f,d,k,g
2313,i,as,c,d,k,l
2314,aa,ai,c,d,k,j
2315,aa,ay,c,d,k,j
2316,aa,ai,c,d,k,j
2317,i,as,c,d,k,l
2318,aa,as,c,d,k,d
2319,c,m,c,d,k,a
2320,b,m,c,d,k,g
2321,v,ak,c,d,k,k
2322,l,as,f,d,k,d
2323,b,ae,c,d,k,g
2324,i,as,c,d,k,l
2325,r,f,f,d,k,h
2326,w,n,f,d,k,a
2327,b,ai,c,d,k,g
2328,e,as,c,d,k,d
2329,aa,ay,c,d,k,l
2330,aa,ae,c,d,k,j
2331,c,r,c,d,k,g
2332,aa,ai,c,d,k,i
2333,s,as,c,d,k,i
2334,aa,f,c,d,k,g
2335,s,as,c,d,k,i
2336,l,as,f,d,k,d
2337,b,ai,c,d,k,l
2338,l,ak,f,d,k,g
2339,b,aq,c,d,k,j
2340,b,ae,c,d,k,j
2341,l,as,f,d,k,i
2342,l,as,f,d,k,j
2343,w,ai,c,d,k,a
2344,n,as,d,d,k,a
2345,b,ae,c,d,k,a
2346,b,ae,c,d,k,d
2347,v,ak,c,d,k,j
2348,i,as,c,d,k,j
2349,c,ae,c,d,k,d
2350,v,r,c,d,n,i
2351,l,ae,f,d,n,i
2352,b,aq,c,d,n,d
2353,l,as,f,d,n,l
2354,aa,ay,c,d,n,l
2355,aa,aq,c,d,n,j
2356,aa,aq,c,d,n,g
2357,l,s,c,d,n,h
2358,l,ae,f,d,n,g
2359,y,as,c,d,n,j
2360,b,b,c,d,n,a
2361,b,ae,c,d,n,b
2362,s,m,c,d,n,j
2363,b,ae,c,d,n,g
2364,l,e,f,d,n,i
2365,b,ak,c,d,n,j
2366,l,as,f,d,n,j
2367,aa,ai,c,d,n,l
2368,c,m,c,d,n,g
2369,b,f,c,d,n,j
2370,v,ak,c,d,n,k
2371,aa,as,c,d,n,j
2372,h,as,f,d,n,i
2373,aa,ai,c,d,n,g
2374,s,n,c,d,n,d
2375,aa,as,c,d,n,i
2376,l,as,f,d,n,g
2377,u,m,c,d,n,l
2378,b,i,c,d,n,g
2379,l,ae,f,d,n,g
2380,v,r,c,d,n,d
2381,aa,as,e,d,n,g
2382,s,as,c,d,n,d
2383,l,as,f,d,n,i
2384,aa,ai,c,d,n,l
2385,aa,as,c,d,n,g
2386,b,ae,c,d,n,a
2387,aa,as,c,d,n,g
2388,s,ae,c,d,n,a
2389,aa,r,c,d,n,d
2390,v,ak,c,d,n,g
2391,s,as,c,d,n,h
2392,j,ak,c,d,n,j
2393,y,ac,c,d,n,j
2394,i,as,c,d,n,l
2395,v,r,c,d,n,g
2396,l,ap,f,d,n,g
2397,s,as,d,d,n,d
2398,b,as,c,d,n,j
2399,a,ak,f,d,n,d
2400,a,ak,f,d,n,a
2401,v,a,b,d,n,l
2402,v,n,f,d,n,j
2403,r,ae,c,d,n,d
2404,v,r,c,d,n,d
2405,b,as,c,d,n,d
2406,v,ae,f,d,n,g
2407,i,as,c,d,n,l
2408,l,ae,f,d,n,g
2409,aa,m,c,d,n,d
2410,b,ae,c,d,n,j
2411,b,ae,c,d,n,g
2412,l,as,f,d,n,g
2413,b,ai,c,d,n,g
2414,l,aq,f,d,n,l
2415,aa,ai,c,d,n,d
2416,s,m,c,d,n,j
2417,aa,as,c,d,n,h
2418,l,as,f,d,n,i
2419,r,ak,f,d,n,g
2420,s,as,c,d,n,l
2421,aa,ai,c,d,n,c
2422,b,m,c,d,n,j
2423,l,as,f,d,n,a
2424,b,ae,c,d,n,d
2425,b,ai,c,d,n,g
2426,v,r,c,d,n,i
2427,aa,ay,c,d,n,j
2428,r,ak,f,d,n,a
2429,v,n,f,d,n,a
2430,aa,ai,c,d,n,h
2431,aa,as,c,d,n,d
2432,s,as,c,d,n,j
2433,s,as,c,d,n,j
2434,r,e,f,d,n,l
2435,v,ae,c,d,n,j
2436,aa,ak,c,d,n,k
2437,b,m,c,d,n,j
2438,s,as,c,d,n,l
2439,b,ak,c,d,n,j
2440,s,as,c,d,n,d
2441,c,ae,c,d,n,j
2442,r,e,f,d,n,g
2443,s,as,c,d,n,g
2444,aa,ay,c,d,n,g
2445,r,as,f,d,n,j
2446,b,a,c,d,n,j
2447,s,as,c,d,n,l
2448,aa,as,a,d,n,d
2449,v,n,f,d,n,g
2450,s,as,a,d,n,g
2451,l,as,f,d,n,g
2452,b,ai,c,d,n,g
2453,s,as,c,d,n,d
2454,s,as,c,d,n,g
2455,l,as,c,d,n,i
2456,i,as,c,d,n,l
2457,a,ak,f,d,n,d
2458,aa,as,c,d,n,g
2459,s,as,c,d,n,g
2460,aa,f,c,d,n,i
2461,v,r,c,d,n,d
2462,l,ae,f,d,n,j
2463,l,ae,f,d,n,d
2464,aa,ak,c,d,n,i
2465,s,as,c,d,n,i
2466,o,as,f,d,n,j
2467,i,as,c,d,n,l
2468,l,as,f,d,n,i
2469,aa,ai,c,d,n,g
2470,l,as,f,d,n,i
2471,s,as,g,d,n,j
2472,v,ae,c,d,n,j
2473,b,w,d,d,n,i
2474,s,as,g,d,n,j
2475,b,m,c,d,n,g
2476,aa,as,c,d,n,d
2477,l,as,f,d,n,a
2478,aa,as,a,d,n,d
2479,v,ae,c,d,n,d
2480,b,ae,c,d,n,g
2481,v,r,c,d,n,d
2482,a,ae,f,d,n,l
2483,aa,f,c,d,n,i
2484,s,as,c,d,n,g
2485,b,e,c,d,n,l
2486,b,ae,c,d,n,i
2487,aa,ae,g,d,n,g
2488,c,m,c,d,n,h
2489,u,as,c,d,n,a
2490,v,r,c,d,n,g
2491,l,r,f,d,n,g
2492,b,ai,c,d,n,i
2493,l,as,f,d,n,i
2494,b,r,c,d,n,l
2495,a,ak,f,d,n,g
2496,aa,ay,g,d,n,j
2497,s,as,g,d,n,a
2498,l,s,c,d,n,g
2499,aa,as,a,d,n,d
2500,v,k,c,d,n,d
2501,aa,as,e,d,n,d
2502,r,d,f,d,n,d
2503,b,m,c,d,n,d
2504,v,ak,c,d,n,g
2505,s,ae,g,d,n,g
2506,v,as,g,d,n,g
2507,l,as,f,d,n,d
2508,aa,as,g,d,n,j
2509,r,as,f,d,n,i
2510,v,r,c,d,n,g
2511,b,as,c,d,n,d
2512,s,as,g,d,n,g
2513,l,as,f,d,n,i
2514,i,as,c,d,n,l
2515,s,as,g,d,n,d
2516,aa,as,g,d,n,j
2517,l,ae,f,d,n,j
2518,o,as,f,d,n,k
2519,b,m,c,d,n,h
2520,r,as,f,d,n,j
2521,l,ae,f,d,n,g
2522,s,ae,g,d,n,j
2523,a,ak,f,d,n,a
2524,r,g,a,d,n,j
2525,b,z,c,d,n,g
2526,i,as,c,d,n,l
2527,aa,ai,g,d,n,g
2528,aa,m,g,d,n,h
2529,v,r,c,d,n,g
2530,b,m,c,d,n,i
2531,aa,ai,e,d,n,g
2532,l,ae,f,d,n,d
2533,s,as,c,d,n,j
2534,j,r,c,d,n,g
2535,s,as,c,d,n,h
2536,v,aw,d,d,n,j
2537,l,ae,f,d,n,a
2538,b,a,a,d,n,l
2539,l,as,f,d,n,g
2540,aa,m,c,d,n,j
2541,aa,ah,d,d,n,a
2542,v,n,f,d,n,h
2543,s,as,g,d,n,j
2544,aa,ay,e,d,n,l
2545,v,r,c,d,n,i
2546,s,as,g,d,n,d
2547,b,as,c,d,n,j
2548,s,as,g,d,n,l
2549,aa,ay,g,d,n,l
2550,v,as,f,d,n,g
2551,s,as,g,d,n,e
2552,s,as,d,d,n,g
2553,l,as,f,d,n,g
2554,aa,as,g,d,n,c
2555,s,as,g,d,n,i
2556,aa,as,g,d,n,i
2557,aa,ay,g,d,n,l
2558,b,i,c,d,n,l
2559,s,as,g,d,m,i
2560,v,as,g,d,m,d
2561,aa,as,c,d,m,d
2562,v,as,f,d,m,i
2563,aa,ae,g,d,m,g
2564,a,ak,f,d,m,g
2565,m,as,g,d,m,g
2566,b,m,c,d,m,i
2567,l,n,f,d,m,a
2568,c,ae,c,d,m,d
2569,aa,as,g,d,m,g
2570,c,r,c,d,m,l
2571,k,s,a,d,m,j
2572,l,as,f,d,m,d
2573,l,ae,f,d,m,j
2574,b,ae,c,d,m,d
2575,s,as,g,d,m,d
2576,aa,ai,g,d,m,g
2577,s,as,g,d,m,i
2578,r,ae,f,d,m,d
2579,l,as,f,d,m,d
2580,v,ae,g,d,m,g
2581,r,r,f,d,m,l
2582,v,n,f,d,m,j
2583,b,ak,c,d,m,j
2584,v,ak,f,d,m,k
2585,s,as,g,d,m,g
2586,i,as,c,d,m,j
2587,l,as,b,d,m,i
2588,r,ak,f,d,m,g
2589,o,ae,e,d,m,i
2590,aa,ai,c,d,m,j
2591,l,as,f,d,m,i
2592,b,r,c,d,m,d
2593,t,ac,g,d,m,e
2594,b,ae,c,d,m,l
2595,b,m,c,d,m,d
2596,r,r,f,d,m,d
2597,b,a,a,d,m,j
2598,v,ae,f,d,m,j
2599,i,as,c,d,m,j
2600,l,as,f,d,m,i
2601,aa,ai,e,d,m,g
2602,y,n,c,d,m,j
2603,h,as,f,d,m,i
2604,aa,ay,g,d,m,g
2605,v,e,c,d,m,g
2606,s,ae,g,d,m,j
2607,l,as,f,d,m,i
2608,aa,as,d,d,m,j
2609,s,as,c,d,m,j
2610,v,as,f,d,m,f
2611,o,as,f,d,m,l
2612,r,f,f,d,m,j
2613,aa,ai,e,d,m,l
2614,r,ae,g,d,m,i
2615,i,as,c,d,m,l
2616,r,t,a,d,m,j
2617,i,as,c,d,m,l
2618,aa,ai,e,d,m,j
2619,m,s,c,d,m,g
2620,r,z,f,d,m,j
2621,v,r,c,d,m,d
2622,c,as,c,d,m,j
2623,v,ai,f,d,m,i
2624,i,as,c,d,m,l
2625,s,as,g,d,m,g
2626,s,as,g,d,m,i
2627,aa,ai,e,d,m,g
2628,l,ae,f,d,m,g
2629,v,as,f,d,m,f
2630,b,m,c,d,m,a
2631,l,ak,f,d,m,g
2632,r,ae,g,d,m,d
2633,u,as,g,d,m,g
2634,b,m,c,d,m,h
2635,aa,f,e,d,m,d
2636,v,r,c,d,m,i
2637,s,as,g,d,m,a
2638,j,ai,c,d,m,j
2639,v,as,f,d,m,f
2640,i,as,c,d,m,l
2641,aa,ai,c,d,m,j
2642,b,aq,c,d,m,l
2643,y,b,c,d,m,j
2644,b,m,c,d,m,d
2645,s,as,g,d,m,i
2646,aa,ai,c,d,m,d
2647,b,ai,c,d,m,d
2648,l,as,f,d,m,i
2649,v,r,c,d,m,g
2650,aa,ay,e,d,m,j
2651,s,as,g,d,m,d
2652,l,ae,f,d,m,j
2653,b,ai,c,d,m,a
2654,b,ae,c,d,m,g
2655,v,n,c,d,m,g
2656,v,as,f,d,m,f
2657,b,ai,c,d,m,j
2658,r,ak,f,d,m,g
2659,s,as,g,d,m,a
2660,l,as,f,d,m,g
2661,s,as,g,d,m,g
2662,aa,f,g,d,m,l
2663,l,n,f,d,m,a
2664,b,m,c,d,m,h
2665,v,as,g,d,m,d
2666,b,ae,c,d,m,j
2667,aa,as,a,d,m,j
2668,u,as,e,d,m,a
2669,l,as,f,d,m,g
2670,i,as,c,d,m,j
2671,s,as,c,d,m,j
2672,v,ae,c,d,m,j
2673,aa,f,e,d,m,i
2674,l,as,f,d,m,j
2675,l,ae,f,d,m,j
2676,b,f,c,d,m,a
2677,s,as,c,d,m,g
2678,aa,ay,e,d,m,i
2679,b,aq,c,d,m,j
2680,l,ae,f,d,m,l
2681,q,ak,c,d,m,d
2682,s,ak,e,d,m,g
2683,i,ae,c,d,m,j
2684,w,n,f,d,m,j
2685,s,as,g,d,m,g
2686,v,r,c,d,m,d
2687,aa,ay,e,d,m,g
2688,b,aq,a,d,m,j
2689,s,as,c,d,m,j
2690,s,as,e,d,m,d
2691,aa,m,c,d,m,j
2692,s,as,e,d,m,i
2693,v,n,f,d,m,g
2694,s,as,c,d,m,k
2695,s,as,c,d,m,h
2696,s,as,c,d,m,i
2697,b,ai,a,d,m,g
2698,s,as,a,d,m,g
2699,l,s,c,d,m,h
2700,g,m,a,d,m,l
2701,s,as,a,d,m,j
2702,a,f,f,d,m,l
2703,l,n,f,d,m,g
2704,o,ai,f,d,m,a
2705,aa,aq,c,d,m,g
2706,s,as,c,d,m,i
2707,aa,ai,e,d,m,d
2708,v,r,c,d,m,g
2709,c,r,a,d,m,d
2710,aa,ae,c,d,m,l
2711,s,as,e,d,m,d
2712,v,e,c,d,m,g
2713,c,ae,a,d,m,l
2714,o,as,f,d,m,i
2715,u,as,e,d,m,g
2716,aa,as,c,d,m,d
2717,aa,ai,a,d,m,b
2718,l,as,f,d,m,i
2719,s,as,e,d,m,h
2720,b,f,a,d,m,g
2721,aa,m,c,d,m,g
2722,l,as,f,d,m,d
2723,r,z,f,d,m,j
2724,l,ae,f,d,m,i
2725,v,ak,f,d,m,g
2726,aa,ae,c,d,m,g
2727,s,ae,c,d,m,g
2728,aa,ai,c,d,m,h
2729,aa,as,d,d,m,j
2730,l,ae,f,d,m,g
2731,aa,as,c,d,m,j
2732,b,a,a,d,m,j
2733,l,as,f,d,m,g
2734,b,as,b,d,m,j
2735,s,as,c,d,m,i
2736,s,ae,a,d,m,j
2737,v,as,e,d,m,j
2738,aa,ah,a,d,m,k
2739,b,m,a,d,m,d
2740,i,as,a,d,m,l
2741,v,r,a,d,m,g
2742,c,m,a,d,m,h
2743,b,ai,a,d,m,l
2744,l,s,c,d,m,i
2745,s,e,f,d,m,g
2746,i,as,c,d,m,l
2747,s,as,c,d,m,k
2748,aa,as,c,d,m,j
2749,aa,as,c,d,m,i
2750,v,ae,c,d,m,a
2751,l,as,f,d,m,l
2752,b,m,a,d,m,i
2753,v,as,f,d,m,l
2754,aa,ak,c,d,m,g
2755,s,as,e,d,m,i
2756,v,r,a,d,p,d
2757,b,ae,a,d,p,d
2758,r,as,f,d,p,g
2759,l,ae,f,d,p,d
2760,i,as,a,d,p,j
2761,b,a,a,d,p,g
2762,r,d,f,d,p,i
2763,b,a,a,d,p,l
2764,b,as,a,d,p,l
2765,l,ae,f,d,p,j
2766,b,b,a,d,p,l
2767,a,as,c,d,p,j
2768,w,ai,f,d,p,l
2769,c,m,a,d,p,j
2770,i,as,a,d,p,l
2771,v,n,f,d,p,d
2772,aa,ai,c,d,p,g
2773,s,as,c,d,p,j
2774,b,ae,d,d,p,a
2775,aa,as,a,d,p,l
2776,r,ai,f,d,p,j
2777,s,as,c,d,p,j
2778,aa,ay,c,d,p,a
2779,c,r,a,d,p,i
2780,s,as,f,d,p,g
2781,b,m,a,d,p,g
2782,l,as,f,d,p,g
2783,aa,ai,b,d,p,g
2784,aa,ai,c,d,p,l
2785,s,as,c,d,p,c
2786,aa,as,c,d,p,d
2787,s,as,c,d,p,d
2788,n,e,f,d,p,k
2789,aa,ai,c,d,p,j
2790,a,ak,f,d,p,i
2791,s,as,c,d,p,h
2792,s,as,c,d,p,i
2793,r,ae,e,d,p,j
2794,aa,as,c,d,p,h
2795,aa,as,c,d,p,c
2796,aa,ai,a,d,p,l
2797,w,ae,f,d,p,g
2798,aa,ay,c,d,p,j
2799,n,as,c,d,p,d
2800,v,r,c,d,p,i
2801,c,ae,a,d,p,d
2802,h,s,c,d,p,d
2803,l,as,f,d,p,a
2804,s,as,c,d,p,j
2805,aa,ay,c,d,p,j
2806,aa,ai,c,d,p,j
2807,a,ak,f,d,p,l
2808,s,ae,c,d,p,g
2809,b,ai,a,d,p,h
2810,o,f,f,d,p,l
2811,aa,ai,c,d,p,g
2812,b,a,a,d,p,j
2813,a,ak,f,d,p,d
2814,l,as,f,d,p,l
2815,b,ai,a,d,p,g
2816,c,as,a,d,p,h
2817,v,k,a,d,p,d
2818,l,ae,f,d,p,i
2819,s,as,d,d,p,c
2820,v,n,f,d,p,j
2821,r,as,f,d,p,d
2822,s,as,c,d,p,e
2823,a,r,f,d,p,l
2824,aa,m,c,d,p,a
2825,v,n,f,d,p,a
2826,b,ak,a,d,p,a
2827,aa,m,c,d,p,g
2828,i,as,a,d,p,j
2829,c,ae,a,d,p,g
2830,l,ae,f,d,p,d
2831,l,s,c,d,p,k
2832,aa,ai,c,d,p,l
2833,aa,ai,c,d,p,a
2834,l,as,f,d,p,a
2835,aa,as,c,d,p,d
2836,s,as,c,d,p,i
2837,aa,as,c,d,p,d
2838,s,as,c,d,p,j
2839,aa,m,c,d,p,g
2840,l,as,f,d,p,g
2841,v,r,a,d,p,g
2842,aa,as,c,d,p,j
2843,aa,ay,c,d,p,l
2844,v,n,f,d,p,l
2845,j,ai,a,d,p,b
2846,s,as,c,d,p,g
2847,aa,ay,c,d,p,g
2848,v,as,a,d,p,e
2849,aa,ai,c,d,p,d
2850,s,as,c,d,p,g
2851,ab,ai,f,d,p,g
2852,v,r,a,d,p,i
2853,c,m,a,d,p,i
2854,v,r,a,d,p,g
2855,o,as,f,d,p,g
2856,w,ae,c,d,p,h
2857,aa,m,c,d,p,i
2858,s,as,c,d,p,i
2859,v,ae,a,d,p,g
2860,a,ak,f,d,p,a
2861,v,aw,d,d,p,j
2862,l,ae,f,d,p,g
2863,aa,ae,c,d,p,k
2864,b,m,a,d,p,g
2865,r,as,f,d,p,g
2866,c,m,a,d,p,d
2867,v,n,f,d,p,l
2868,b,ai,a,d,p,h
2869,b,m,a,d,p,j
2870,i,as,a,d,p,l
2871,s,as,c,d,p,d
2872,b,as,c,d,p,g
2873,s,as,a,d,p,g
2874,aa,as,c,d,p,j
2875,l,ae,f,d,p,i
2876,aa,ai,c,d,p,d
2877,b,ae,c,d,p,d
2878,i,f,a,d,p,g
2879,l,s,c,d,p,i
2880,aa,as,a,d,p,i
2881,aa,as,c,d,p,d
2882,aa,ay,c,d,p,l
2883,b,m,c,d,p,g
2884,n,s,c,d,p,g
2885,b,m,c,d,p,l
2886,l,as,f,d,p,i
2887,aa,ae,c,d,p,d
2888,c,as,c,d,p,j
2889,b,ai,a,d,p,g
2890,aa,ai,c,d,p,g
2891,v,r,a,d,p,i
2892,b,m,c,d,p,d
2893,r,g,a,d,p,j
2894,aa,ai,c,d,p,g
2895,v,n,f,d,p,h
2896,b,m,c,d,p,j
2897,r,ae,c,d,p,j
2898,aa,ae,c,d,p,g
2899,b,ae,c,d,p,l
2900,l,as,f,d,p,d
2901,i,as,c,d,p,l
2902,a,p,f,d,p,j
2903,s,m,a,d,p,d
2904,l,s,c,d,p,j
2905,s,as,c,d,p,d
2906,b,ai,c,d,p,b
2907,aa,ay,c,d,p,l
2908,a,as,d,d,p,g
2909,aa,ai,c,d,p,i
2910,v,n,f,d,p,g
2911,i,as,c,d,p,l
2912,c,m,c,d,p,i
2913,r,ai,f,d,p,g
2914,c,ac,c,d,p,e
2915,r,r,f,d,p,j
2916,v,r,a,d,p,i
2917,l,as,f,d,p,j
2918,s,as,c,d,p,i
2919,aa,as,c,d,p,c
2920,s,as,c,d,p,j
2921,aa,ae,c,d,p,d
2922,a,ak,f,d,p,g
2923,i,as,c,d,p,l
2924,v,k,a,d,p,g
2925,b,ai,c,d,p,g
2926,i,ae,c,d,q,d
2927,a,r,f,d,p,l
2928,s,as,c,d,p,j
2929,r,ai,f,d,p,a
2930,v,w,a,d,p,a
2931,v,n,f,d,p,g
2932,a,as,c,d,p,i
2933,aa,ai,c,d,p,l
2934,b,m,c,d,p,g
2935,l,as,f,d,p,i
2936,a,r,f,d,p,l
2937,s,as,c,d,p,g
2938,aa,as,c,d,p,h
2939,aa,ay,c,d,p,l
2940,v,r,a,d,p,g
2941,b,ai,a,d,p,g
2942,s,as,c,d,p,g
2943,a,ak,f,d,p,d
2944,b,m,c,d,p,j
2945,i,as,c,d,p,j
2946,s,as,d,d,p,d
2947,aa,ai,c,d,p,g
2948,a,ak,f,d,p,a
2949,i,as,c,d,p,l
2950,s,as,c,d,p,d
2951,aa,ai,c,d,p,b
2952,v,e,c,d,p,g
2953,aa,as,c,d,p,g
2954,l,as,f,d,p,a
2955,aa,as,c,d,p,j
2956,b,m,c,d,p,g
2957,s,as,c,d,p,j
2958,v,r,c,d,p,g
2959,o,f,f,d,p,l
2960,v,r,a,d,p,g
2961,ab,ae,f,d,p,j
2962,b,a,a,d,p,j
2963,c,m,c,d,p,l
2964,b,aq,c,d,p,j
2965,i,as,c,d,p,j
2966,v,r,c,d,p,g
2967,a,ak,f,d,p,g
2968,v,ae,c,d,p,g
2969,l,as,f,d,p,g
2970,aa,as,c,d,p,j
2971,b,ae,c,d,p,j
2972,s,as,c,d,p,d
2973,b,m,c,d,p,l
2974,v,as,f,d,p,d
2975,aa,m,c,d,p,j
2976,l,as,f,d,p,i
2977,b,ak,c,d,p,d
2978,aa,as,d,d,p,g
2979,b,ae,c,d,p,b
2980,s,ae,c,d,p,h
2981,r,i,f,d,p,j
2982,v,r,a,d,p,d
2983,aa,ay,c,d,q,l
2984,aa,as,c,d,q,d
2985,c,m,c,d,q,h
2986,r,as,f,d,q,i
2987,s,as,c,d,q,a
2988,r,r,f,d,q,g
2989,v,ac,f,d,q,a
2990,aa,ay,c,d,p,i
2991,i,as,c,d,q,j
2992,s,as,c,d,q,i
2993,o,f,f,d,q,j
2994,c,ae,c,d,q,d
2995,v,n,f,d,q,a
2996,r,as,f,d,q,g
2997,l,ae,f,d,q,j
2998,f,m,c,d,q,g
2999,v,as,d,d,q,j
3000,v,ae,c,d,q,j
3001,b,m,c,d,q,d
3002,s,as,c,d,q,i
3003,aa,as,c,d,q,j
3004,aa,as,c,d,q,h
3005,a,ak,f,d,q,g
3006,y,ac,c,d,q,j
3007,aa,as,c,d,q,a
3008,l,as,f,d,q,e
3009,aa,ai,c,d,q,l
3010,c,m,c,d,q,h
3011,b,aq,c,d,q,g
3012,i,ae,c,d,q,g
3013,aa,as,c,d,q,j
3014,s,as,c,d,q,g
3015,c,m,c,d,q,l
3016,aa,as,c,d,q,j
3017,v,ai,c,d,q,g
3018,s,as,c,d,q,d
3019,b,m,c,d,q,g
3020,l,as,f,d,q,g
3021,b,as,c,d,q,d
3022,r,aw,d,d,q,g
3023,r,as,f,d,q,d
3024,l,n,f,d,q,l
3025,aa,as,d,d,q,j
3026,i,as,c,d,q,j
3027,aa,ai,c,d,q,i
3028,l,as,f,d,q,j
3029,r,ak,f,d,q,d
3030,b,m,c,d,q,j
3031,i,as,c,d,q,l
3032,i,as,c,d,q,j
3033,s,as,c,d,q,i
3034,ab,ae,f,d,q,l
3035,l,s,c,d,q,d
3036,w,ae,f,d,q,a
3037,aa,ai,c,d,q,d
3038,s,as,c,d,q,j
3039,b,ae,c,d,q,j
3040,s,as,c,d,q,j
3041,b,m,c,d,q,h
3042,l,s,c,d,q,i
3043,r,as,f,d,q,d
3044,aa,ai,c,d,q,i
3045,aa,f,c,d,q,i
3046,l,as,f,d,q,g
3047,aa,as,c,d,q,g
3048,p,as,d,d,q,j
3049,v,e,c,d,q,g
3050,v,e,c,d,q,g
3051,s,as,c,d,q,i
3052,r,r,f,d,q,i
3053,b,ae,c,d,q,i
3054,v,as,f,d,q,d
3055,v,e,c,d,q,g
3056,aa,ai,c,d,q,j
3057,v,r,c,d,q,i
3058,c,au,c,d,q,j
3059,r,as,f,d,q,g
3060,s,as,c,d,q,j
3061,aa,ai,c,d,q,j
3062,a,as,f,d,q,l
3063,y,b,c,d,q,j
3064,s,as,c,d,q,l
3065,v,e,c,d,q,g
3066,v,ae,c,d,q,j
3067,v,e,c,d,q,g
3068,l,ae,f,d,q,h
3069,b,m,c,d,q,h
3070,c,ae,c,d,q,d
3071,w,n,f,d,q,j
3072,v,r,c,d,q,g
3073,aa,ab,d,d,q,g
3074,aa,as,c,d,q,g
3075,a,as,f,d,q,j
3076,v,n,f,d,q,a
3077,s,as,c,d,q,j
3078,a,f,f,d,q,l
3079,c,au,a,d,q,j
3080,s,as,c,d,q,d
3081,m,as,f,d,q,d
3082,b,ai,c,d,q,b
3083,c,as,a,d,q,j
3084,aa,ai,c,d,q,g
3085,z,ai,c,d,q,a
3086,o,aw,d,d,q,j
3087,a,f,f,d,q,l
3088,l,as,f,d,q,d
3089,aa,aq,a,d,q,j
3090,s,ae,c,d,q,d
3091,v,n,f,d,q,d
3092,i,as,c,d,q,l
3093,l,ag,f,d,q,g
3094,s,as,c,d,q,d
3095,aa,ai,c,d,q,j
3096,s,as,c,d,q,c
3097,b,m,a,d,q,g
3098,aa,ai,c,d,q,l
3099,w,ak,c,d,q,a
3100,l,as,f,d,q,j
3101,i,as,c,d,q,l
3102,i,ae,c,d,q,l
3103,aa,ai,a,d,q,j
3104,s,as,c,d,q,i
3105,h,as,f,d,q,d
3106,b,f,a,d,q,j
3107,r,r,f,d,q,i
3108,s,ae,c,d,q,g
3109,i,as,c,d,q,l
3110,a,ae,f,d,q,d
3111,c,s,c,d,q,d
3112,aa,ai,c,d,q,a
3113,s,as,c,d,q,j
3114,r,f,f,d,q,l
3115,s,ae,c,d,q,j
3116,aa,ai,c,d,q,j
3117,l,s,c,d,q,j
3118,a,ak,f,d,q,g
3119,aa,as,c,d,q,j
3120,l,as,f,d,q,i
3121,s,as,c,d,q,j
3122,aa,ai,c,d,q,l
3123,a,ae,f,d,q,i
3124,aa,ai,c,d,q,g
3125,l,n,f,d,q,g
3126,b,as,d,d,q,g
3127,b,m,a,d,q,i
3128,b,m,a,d,q,h
3129,b,ai,a,d,q,d
3130,s,as,c,d,q,j
3131,s,q,c,d,q,g
3132,r,as,f,d,q,d
3133,b,ai,a,d,q,g
3134,aa,as,c,d,q,k
3135,c,m,a,d,q,l
3136,r,ae,c,d,q,h
3137,s,as,c,d,q,d
3138,s,as,c,d,q,h
3139,l,ae,f,d,q,g
3140,aa,as,c,d,q,d
3141,l,ak,f,d,q,g
3142,s,as,c,d,q,g
3143,i,as,a,d,q,l
3144,b,as,a,d,q,g
3145,z,ai,c,d,q,a
3146,o,ae,f,d,q,g
3147,l,n,f,d,q,l
3148,b,ae,a,d,q,d
3149,r,e,f,d,q,l
3150,aa,ai,c,d,q,g
3151,o,e,a,d,q,c
3152,b,aq,a,d,q,j
3153,aa,as,c,d,q,d
3154,i,as,a,d,q,l
3155,b,aq,a,d,q,d
3156,aa,ae,c,d,q,d
3157,v,e,c,d,q,g
3158,c,m,a,d,q,d
3159,aa,ai,c,d,q,l
3160,s,as,c,d,q,g
3161,v,a,b,d,q,h
3162,aa,as,c,d,q,g
3163,l,ae,f,d,q,g
3164,b,m,a,d,q,i
3165,aa,r,a,d,q,j
3166,aa,ay,c,d,q,l
3167,h,ak,f,d,q,j
3168,i,as,a,d,q,l
3169,a,ak,f,d,q,k
3170,b,aq,a,d,q,j
3171,v,n,f,d,q,j
3172,c,as,a,d,q,e
3173,aa,ai,c,d,q,g
3174,l,ae,f,d,q,g
3175,b,ak,a,d,q,a
3176,ab,as,d,d,q,l
3177,v,k,a,d,q,d
3178,aa,ai,c,d,q,l
3179,v,aw,d,d,s,e
3180,l,as,f,d,s,g
3181,c,m,a,d,s,g
3182,l,ak,f,d,s,d
3183,m,as,c,d,s,h
3184,b,ai,a,d,s,g
3185,v,n,f,d,s,j
3186,i,as,a,d,s,l
3187,u,as,c,d,s,g
3188,u,as,c,d,s,i
3189,aa,as,c,d,s,c
3190,s,as,a,d,s,j
3191,b,ai,a,d,s,i
3192,r,as,c,d,s,i
3193,v,n,f,d,s,g
3194,r,ak,f,d,s,g
3195,b,a,c,d,s,h
3196,z,f,c,d,s,d
3197,aa,ai,c,d,s,j
3198,v,r,a,d,s,i
3199,i,as,a,d,s,j
3200,l,ak,f,d,s,d
3201,c,ae,a,d,s,j
3202,b,r,a,d,s,j
3203,aa,as,c,d,s,a
3204,a,ak,f,d,s,g
3205,l,s,c,d,s,g
3206,aa,as,c,d,s,j
3207,c,ak,a,d,s,a
3208,r,as,f,d,s,a
3209,s,ae,c,d,s,d
3210,b,a,c,d,s,h
3211,a,ak,f,d,s,g
3212,s,as,c,d,s,l
3213,i,as,a,d,s,j
3214,c,ae,a,d,s,a
3215,r,as,f,d,s,i
3216,s,ae,c,d,s,g
3217,v,ak,f,d,s,g
3218,v,e,c,d,s,g
3219,v,as,c,d,s,j
3220,s,as,c,d,s,d
3221,v,r,a,d,s,g
3222,aa,as,c,d,s,d
3223,b,ak,a,d,s,g
3224,b,b,a,d,s,d
3225,o,f,f,d,s,l
3226,b,ae,a,d,s,d
3227,aa,ai,c,d,s,i
3228,l,as,f,d,s,j
3229,s,as,c,d,s,a
3230,b,a,c,d,s,h
3231,s,e,f,d,s,d
3232,a,f,f,d,s,l
3233,r,as,f,d,s,d
3234,s,ae,c,d,s,d
3235,aa,ai,c,d,s,i
3236,b,e,a,d,s,g
3237,u,as,c,d,s,i
3238,r,ai,f,d,s,a
3239,aa,as,c,d,s,c
3240,v,a,b,d,s,j
3241,v,ak,c,d,s,k
3242,b,m,a,d,s,g
3243,aa,ae,a,d,s,j
3244,i,as,a,d,s,l
3245,r,as,f,d,s,d
3246,c,m,a,d,s,i
3247,l,as,f,d,s,h
3248,o,ai,f,d,s,d
3249,aa,ae,c,d,s,j
3250,b,m,a,d,s,h
3251,v,n,f,d,s,d
3252,a,r,f,d,s,l
3253,s,as,c,d,s,k
3254,v,ae,c,d,s,g
3255,r,ae,c,d,s,j
3256,v,as,a,d,s,j
3257,r,r,f,d,s,l
3258,s,ae,a,d,s,d
3259,v,r,a,d,s,d
3260,aa,ay,c,d,s,l
3261,l,as,a,d,s,i
3262,r,ak,f,d,s,g
3263,i,as,a,d,s,l
3264,s,as,c,d,s,d
3265,i,ae,a,d,s,j
3266,s,as,c,d,s,j
3267,r,a,b,d,s,h
3268,r,r,f,d,s,i
3269,b,m,a,d,s,i
3270,v,n,f,d,s,j
3271,aa,ak,c,d,s,g
3272,v,r,a,d,s,d
3273,u,as,c,d,s,g
3274,v,e,c,d,s,g
3275,r,h,f,d,s,j
3276,aa,ai,c,d,s,j
3277,s,as,c,d,s,g
3278,v,k,a,d,s,d
3279,s,as,c,d,s,g
3280,b,a,c,d,s,j
3281,b,ac,c,d,q,j
3282,i,ae,a,d,s,j
3283,z,as,c,d,s,g
3284,s,n,f,d,s,g
3285,i,as,a,d,s,l
3286,s,as,c,d,s,j
3287,r,ag,f,d,s,j
3288,s,as,g,d,s,h
3289,a,ak,f,d,s,a
3290,v,k,d,d,s,j
3291,aa,ai,c,d,s,l
3292,v,r,a,d,s,g
3293,l,ag,f,d,s,g
3294,l,as,d,d,s,g
3295,m,as,d,d,s,d
3296,z,ai,c,d,s,d
3297,s,as,g,d,s,i
3298,v,e,c,d,s,g
3299,aa,f,a,d,s,j
3300,b,ai,c,d,s,l
3301,v,e,c,d,s,g
3302,c,m,c,d,s,h
3303,aa,n,c,d,s,j
3304,r,r,f,d,s,i
3305,a,aq,f,d,s,l
3306,s,as,c,d,s,l
3307,w,n,f,d,s,g
3308,b,ai,a,d,s,j
3309,c,m,a,d,s,g
3310,u,as,c,d,s,g
3311,v,e,c,d,s,g
3312,v,r,a,d,s,i
3313,r,e,f,d,s,j
3314,c,s,a,d,s,d
3315,l,e,f,d,s,l
3316,s,as,c,d,s,j
3317,aa,ak,c,d,s,i
3318,o,z,d,d,s,j
3319,s,as,d,d,s,j
3320,c,m,c,d,s,i
3321,r,r,f,d,s,j
3322,s,as,g,d,s,a
3323,z,ad,c,d,s,g
3324,b,ae,a,d,s,i
3325,a,ak,f,d,s,g
3326,v,n,f,d,s,j
3327,b,ae,c,d,s,j
3328,a,ak,f,d,s,a
3329,s,as,c,d,s,d
3330,i,as,a,d,s,l
3331,i,as,c,d,s,l
3332,w,ae,a,d,s,i
3333,r,ag,f,d,s,j
3334,aa,ai,c,d,s,j
3335,v,e,c,d,s,g
3336,l,ak,f,d,s,g
3337,l,as,f,d,s,i
3338,l,s,c,d,s,g
3339,aa,ai,g,d,s,g
3340,s,as,g,d,s,j
3341,o,f,f,d,s,l
3342,u,as,c,d,s,g
3343,r,ag,f,d,s,j
3344,v,a,b,d,s,h
3345,v,r,c,d,s,g
3346,o,ai,f,d,s,g
3347,aa,as,c,d,s,d
3348,b,as,c,d,s,d
3349,aa,ai,c,d,s,g
3350,s,as,c,d,s,g
3351,r,ae,c,d,s,j
3352,l,s,c,d,s,h
3353,s,as,g,d,s,g
3354,l,af,c,d,s,a
3355,aa,as,c,d,s,g
3356,v,r,a,d,s,g
3357,r,ae,c,d,s,j
3358,b,m,c,d,s,j
3359,z,as,c,d,s,j
3360,r,e,f,d,s,l
3361,c,m,c,d,s,i
3362,o,as,f,d,s,g
3363,b,ai,c,d,s,g
3364,l,as,f,d,s,i
3365,l,s,c,d,s,d
3366,s,as,c,d,s,e
3367,v,e,c,d,s,g
3368,s,as,g,d,s,l
3369,aa,m,g,d,s,h
3370,l,as,f,d,s,d
3371,s,as,g,d,s,j
3372,b,ai,c,d,s,j
3373,a,f,f,d,s,l
3374,n,s,c,d,s,g
3375,aa,m,g,d,s,g
3376,s,as,g,d,s,g
3377,b,aq,c,d,s,g
3378,r,ag,f,d,s,j
3379,l,ae,f,d,s,d
3380,s,as,g,d,s,a
3381,s,as,g,d,s,l
3382,v,af,g,d,s,j
3383,aa,ai,g,d,s,a
3384,g,ae,d,d,s,i
3385,r,e,f,d,r,j
3386,c,ae,c,d,r,h
3387,v,ae,g,d,r,j
3388,l,ak,f,d,r,i
3389,v,e,c,d,r,g
3390,l,as,f,d,r,j
3391,r,ae,g,d,r,j
3392,s,as,g,d,r,h
3393,l,ae,f,d,r,i
3394,aa,ay,g,d,r,g
3395,l,ae,f,d,r,d
3396,aa,ae,c,d,r,j
3397,l,as,f,d,r,g
3398,i,as,c,d,r,j
3399,s,as,g,d,r,g
3400,l,as,f,d,r,h
3401,l,s,c,d,r,d
3402,i,as,c,d,r,l
3403,l,as,f,d,r,d
3404,v,n,f,d,r,j
3405,i,as,c,d,r,l
3406,aa,as,g,d,r,j
3407,b,ai,a,d,r,g
3408,s,as,c,d,r,j
3409,a,f,f,d,r,l
3410,f,as,c,d,r,g
3411,v,r,c,d,r,g
3412,a,ai,f,d,r,j
3413,aa,m,g,d,r,g
3414,aa,ai,g,d,r,g
3415,aa,ai,g,d,r,l
3416,aa,ai,g,d,r,d
3417,s,as,c,d,r,l
3418,s,ae,g,d,r,g
3419,v,ak,f,d,r,i
3420,o,ae,a,d,r,i
3421,l,as,c,d,r,g
3422,l,as,f,d,r,g
3423,v,k,d,d,r,j
3424,l,n,f,d,r,g
3425,r,ag,f,d,r,k
3426,v,r,c,d,r,d
3427,r,a,b,d,r,j
3428,r,r,c,d,r,h
3429,l,as,f,d,r,g
3430,i,as,c,d,r,l
3431,aa,ay,g,d,r,l
3432,a,ak,f,d,r,d
3433,b,aq,c,d,r,h
3434,a,ae,f,d,r,j
3435,c,m,c,d,r,g
3436,aa,aq,c,d,r,g
3437,l,as,f,d,r,g
3438,b,ai,a,d,r,g
3439,b,e,a,d,r,h
3440,aa,as,g,d,r,g
3441,v,ae,g,d,r,g
3442,b,aq,c,d,r,h
3443,l,as,f,d,r,i
3444,r,ai,f,d,r,l
3445,w,as,g,d,r,g
3446,b,ai,c,d,r,g
3447,aa,ak,g,d,r,d
3448,b,m,c,d,r,h
3449,w,al,b,d,r,i
3450,aa,m,g,d,r,i
3451,r,ak,f,d,r,g
3452,v,e,c,d,r,g
3453,s,as,g,d,r,d
3454,aa,as,g,d,r,g
3455,aa,m,g,d,r,j
3456,l,t,b,d,r,j
3457,s,ae,g,d,r,j
3458,w,ai,a,d,r,a
3459,v,r,c,d,r,i
3460,k,ae,c,d,r,g
3461,r,e,f,d,r,h
3462,aa,as,d,d,r,g
3463,s,as,g,d,r,i
3464,aa,m,g,d,r,h
3465,s,ae,g,d,r,g
3466,j,ae,c,d,r,d
3467,l,s,c,d,r,k
3468,i,as,c,d,r,j
3469,i,as,c,d,r,j
3470,s,as,d,d,r,i
3471,r,f,f,d,r,a
3472,e,as,c,d,r,d
3473,r,t,a,d,r,h
3474,m,ak,g,d,r,j
3475,b,f,c,d,r,h
3476,aa,ai,g,d,r,j
3477,i,as,c,d,r,l
3478,s,as,d,d,r,c
3479,s,n,g,d,r,i
3480,v,r,c,d,r,d
3481,v,ai,g,d,r,i
3482,l,as,f,d,r,k
3483,b,ai,c,d,r,j
3484,i,as,c,d,r,d
3485,b,m,c,d,r,g
3486,l,s,c,d,r,d
3487,s,as,c,d,r,g
3488,r,d,f,d,r,g
3489,b,aq,c,d,r,a
3490,v,ak,f,d,r,d
3491,i,as,c,d,r,j
3492,s,as,f,d,r,h
3493,r,t,c,d,r,j
3494,p,as,d,d,r,g
3495,v,ae,g,d,r,g
3496,m,as,g,d,r,i
3497,aa,ai,g,d,r,j
3498,b,m,c,d,r,c
3499,k,ae,c,d,r,d
3500,r,ai,b,d,r,g
3501,s,as,g,d,r,i
3502,aa,ak,d,d,r,h
3503,c,m,c,d,r,j
3504,aa,ai,g,d,r,l
3505,s,ae,g,d,r,i
3506,b,m,c,d,r,g
3507,aa,ai,c,d,r,j
3508,l,as,f,d,r,d
3509,b,ai,c,d,r,d
3510,k,as,c,d,r,d
3511,v,e,c,d,r,g
3512,s,ae,g,d,r,l
3513,l,as,f,d,r,g
3514,aa,ae,g,d,r,h
3515,w,ae,f,d,r,d
3516,l,ae,f,d,r,j
3517,b,ai,c,d,r,j
3518,v,r,c,d,r,g
3519,b,as,c,d,r,j
3520,r,ae,g,d,r,l
3521,l,ak,f,d,r,g
3522,i,as,c,d,r,l
3523,v,t,c,d,r,h
3524,aa,ak,c,d,r,g
3525,s,ae,g,d,r,i
3526,b,aq,c,d,r,h
3527,b,m,c,d,r,g
3528,aa,ai,g,d,r,j
3529,s,as,g,d,r,g
3530,c,m,c,d,r,g
3531,aa,as,g,d,r,l
3532,o,as,f,d,r,j
3533,c,ae,c,d,r,g
3534,v,r,c,d,r,g
3535,r,ag,f,d,r,j
3536,m,ae,c,d,r,d
3537,aa,ay,g,d,r,l
3538,v,r,c,d,r,g
3539,b,m,c,d,r,i
3540,aa,ah,d,d,r,k
3541,i,as,c,d,r,j
3542,s,as,g,d,r,d
3543,w,ak,f,d,r,d
3544,u,as,g,d,r,d
3545,v,r,c,d,r,d
3546,s,as,g,d,r,k
3547,b,m,c,d,r,g
3548,c,m,a,d,r,h
3549,aa,n,g,d,r,j
3550,t,n,f,d,r,k
3551,a,ak,f,d,r,a
3552,v,r,c,d,r,i
3553,s,as,g,d,r,i
3554,i,as,a,d,r,l
3555,s,as,c,d,r,g
3556,v,r,c,d,r,d
3557,b,m,a,d,r,h
3558,s,as,g,d,r,l
3559,aa,ai,g,d,r,g
3560,aa,as,c,d,r,d
3561,aa,as,g,d,r,d
3562,v,ae,g,d,r,d
3563,s,as,g,d,r,g
3564,aa,as,g,d,r,d
3565,l,as,f,d,r,g
3566,aa,ai,g,d,r,a
3567,s,as,g,d,r,j
3568,r,ag,f,d,r,j
3569,e,as,a,d,r,i
3570,aa,ai,g,d,r,l
3571,v,ak,f,d,r,i
3572,i,as,a,d,r,j
3573,s,as,g,d,r,i
3574,b,ai,a,d,r,l
3575,o,ae,f,d,r,g
3576,aa,ai,g,d,r,g
3577,o,as,g,d,r,g
3578,i,ai,a,d,r,j
3579,r,ai,f,d,r,j
3580,u,as,g,d,r,g
3581,l,s,c,d,r,i
3582,b,a,d,d,r,l
3583,b,m,a,d,r,h
3584,o,ae,c,d,r,l
3585,l,n,f,d,r,d
3586,s,as,g,d,r,d
3587,aa,ai,g,d,r,g
3588,b,m,a,d,r,j
3589,s,as,g,d,r,l
3590,s,as,g,d,r,i
3591,h,as,f,d,r,d
3592,b,m,a,d,r,h
3593,v,aq,c,d,r,j
3594,i,as,c,d,r,l
3595,v,ak,f,d,r,d
3596,c,m,a,d,r,i
3597,i,as,a,d,r,j
3598,h,ai,f,d,r,c
3599,c,s,a,d,r,j
3600,b,ai,a,d,r,g
3601,s,as,g,d,r,i
3602,r,as,f,d,r,d
3603,r,t,d,d,r,j
3604,f,ak,f,d,r,g
3605,b,ai,c,d,r,b
3606,v,r,c,d,r,g
3607,r,ag,f,d,r,j
3608,l,as,f,d,r,i
3609,aa,as,a,d,r,g
3610,v,k,d,d,r,j
3611,l,ae,f,d,r,j
3612,b,ak,a,d,r,g
3613,v,ak,f,d,r,j
3614,i,as,c,d,r,j
3615,i,as,c,d,r,j
3616,l,ak,f,d,r,g
3617,b,aq,a,d,r,a
3618,v,e,c,d,r,g
3619,v,ak,f,d,r,g
3620,i,as,c,d,r,j
3621,c,ae,c,d,r,g
3622,i,as,a,d,r,j
3623,y,p,c,d,r,j
3624,s,as,c,d,v,h
3625,aa,ai,c,d,v,j
3626,v,k,c,d,v,g
3627,r,as,f,d,v,i
3628,t,ae,g,d,v,l
3629,aa,ae,c,d,v,i
3630,m,ae,f,d,v,a
3631,l,s,c,d,v,g
3632,e,as,a,d,v,l
3633,r,ae,g,d,v,g
3634,s,as,c,d,v,i
3635,l,n,f,d,v,g
3636,aa,ai,c,d,v,j
3637,a,f,f,d,v,l
3638,s,as,a,d,v,h
3639,e,as,a,d,v,g
3640,r,aw,d,d,v,j
3641,l,ak,f,d,v,k
3642,b,aq,a,d,v,h
3643,s,n,g,d,v,g
3644,i,as,a,d,v,l
3645,r,ai,f,d,v,j
3646,l,as,f,d,v,i
3647,l,s,c,d,v,j
3648,l,as,f,d,v,l
3649,c,m,a,d,v,i
3650,b,ai,a,d,v,d
3651,v,r,a,d,v,g
3652,f,ae,c,d,v,b
3653,s,as,c,d,v,g
3654,r,ai,f,d,v,l
3655,s,as,c,d,v,g
3656,aa,as,c,d,v,d
3657,o,as,f,d,v,d
3658,s,as,d,d,v,j
3659,c,m,a,d,v,i
3660,aa,ai,c,d,v,g
3661,b,ai,a,d,v,d
3662,l,n,f,d,v,g
3663,r,f,f,d,v,l
3664,aa,m,c,d,v,j
3665,s,as,c,d,v,g
3666,i,as,c,d,v,g
3667,aa,m,c,d,v,l
3668,aa,as,c,d,v,d
3669,c,ae,a,d,v,g
3670,a,ae,f,d,v,a
3671,l,n,f,d,v,l
3672,c,ae,a,d,v,g
3673,i,as,a,d,v,j
3674,s,as,c,d,v,j
3675,a,ak,f,d,v,i
3676,s,ae,c,d,v,i
3677,i,as,a,d,v,j
3678,aa,aq,c,d,v,l
3679,b,i,a,d,v,d
3680,r,t,d,d,v,j
3681,i,as,a,d,v,l
3682,i,ae,a,d,v,j
3683,v,ae,f,d,v,d
3684,s,as,c,d,v,i
3685,j,ae,a,d,v,h
3686,s,as,c,d,v,g
3687,aa,as,c,d,v,j
3688,aa,ai,c,d,v,g
3689,r,i,f,d,v,h
3690,l,as,f,d,v,g
3691,s,as,a,d,v,j
3692,v,ae,c,d,v,g
3693,aa,as,c,d,v,j
3694,o,ae,f,d,v,g
3695,v,ak,f,d,v,d
3696,w,ae,c,d,v,i
3697,s,as,c,d,v,j
3698,aa,ai,c,d,v,l
3699,r,as,f,d,v,l
3700,m,s,c,d,v,k
3701,o,ae,c,d,v,l
3702,l,ak,f,d,v,d
3703,s,as,c,d,v,g
3704,r,as,f,d,v,d
3705,n,ak,a,d,v,g
3706,a,ai,d,d,v,l
3707,e,as,a,d,v,l
3708,j,ae,a,d,v,j
3709,aa,ai,c,d,v,l
3710,b,as,d,d,v,j
3711,l,n,f,d,v,l
3712,s,as,a,d,v,d
3713,o,ae,c,d,v,h
3714,v,k,d,d,v,g
3715,a,ae,f,d,v,l
3716,b,ai,a,d,v,l
3717,aa,ae,c,d,v,j
3718,v,as,a,d,v,a
3719,aa,ay,c,d,v,h
3720,l,as,f,d,v,d
3721,r,i,f,d,v,l
3722,s,n,f,d,v,i
3723,r,aq,f,d,v,l
3724,s,as,c,d,v,d
3725,h,as,c,d,v,g
3726,z,as,d,d,v,d
3727,v,t,d,d,v,j
3728,aa,ai,a,d,v,g
3729,s,as,c,d,v,g
3730,a,ak,f,d,v,j
3731,s,as,c,d,v,j
3732,b,as,a,d,v,l
3733,s,ae,c,d,v,i
3734,a,ae,f,d,v,j
3735,u,as,c,d,v,g
3736,a,ag,f,d,v,i
3737,c,m,a,d,v,l
3738,h,ap,f,d,v,j
3739,aa,b,c,d,v,c
3740,s,as,c,d,v,l
3741,a,ae,f,d,v,g
3742,l,as,f,d,v,g
3743,c,m,a,d,v,l
3744,o,z,d,d,v,l
3745,l,as,f,d,v,j
3746,b,as,a,d,v,h
3747,l,ak,f,d,v,g
3748,r,d,f,d,v,g
3749,v,e,c,d,v,g
3750,c,ae,a,d,v,g
3751,i,as,a,d,v,j
3752,w,a,b,d,v,j
3753,v,ae,c,d,v,j
3754,r,ae,c,d,v,j
3755,s,as,c,d,v,d
3756,l,ae,f,d,v,j
3757,l,ae,f,d,v,g
3758,i,as,a,d,v,l
3759,l,ag,f,d,v,g
3760,l,as,f,d,v,j
3761,aa,ay,c,d,v,l
3762,l,n,f,d,v,g
3763,v,aw,d,d,v,j
3764,s,as,a,d,v,d
3765,b,ak,a,d,v,d
3766,v,as,f,d,v,f
3767,b,r,a,d,v,j
3768,v,ae,c,d,v,d
3769,s,as,c,d,v,d
3770,r,as,f,d,v,j
3771,v,ak,f,d,v,g
3772,b,as,c,d,v,g
3773,l,ae,f,d,v,d
3774,aa,as,c,d,v,j
3775,v,ae,e,d,v,d
3776,u,n,c,d,v,k
3777,v,ak,c,d,v,i
3778,b,r,a,d,v,g
3779,f,as,c,d,v,a
3780,l,as,f,d,v,i
3781,i,as,a,d,v,l
3782,w,al,b,d,v,g
3783,v,ae,c,d,v,g
3784,aa,as,e,d,v,j
3785,v,as,f,d,v,f
3786,l,as,f,d,v,g
3787,aa,ak,a,d,v,g
3788,u,as,c,d,v,i
3789,a,ak,f,d,v,j
3790,z,ai,e,d,v,d
3791,k,as,a,d,v,d
3792,aa,as,e,d,v,d
3793,v,ak,f,d,v,i
3794,c,s,a,d,v,d
3795,b,as,c,d,v,d
3796,h,as,f,d,v,j
3797,s,as,c,d,v,g
3798,a,ak,f,d,v,a
3799,b,ai,c,d,v,a
3800,n,as,c,d,v,j
3801,s,ae,c,d,v,j
3802,v,e,c,d,v,g
3803,s,as,c,d,v,d
3804,z,ai,e,d,v,d
3805,aa,ai,e,d,v,l
3806,w,ak,f,d,v,i
3807,r,f,f,d,v,g
3808,e,as,c,d,v,d
3809,aa,ai,e,d,v,d
3810,a,as,f,d,v,l
3811,w,al,b,d,v,a
3812,v,n,f,d,v,j
3813,r,as,f,d,v,j
3814,v,t,d,d,v,j
3815,s,as,c,d,v,g
3816,l,ae,f,d,v,d
3817,i,as,c,d,v,l
3818,v,as,c,d,v,j
3819,aa,as,e,d,v,j
3820,s,as,c,d,v,g
3821,b,ak,c,d,v,d
3822,v,ae,c,d,v,d
3823,aa,as,e,d,v,g
3824,v,n,f,d,v,h
3825,aa,as,a,d,v,c
3826,i,as,c,d,v,l
3827,b,ai,c,d,v,j
3828,s,n,d,d,v,j
3829,o,ak,f,d,v,d
3830,i,as,c,d,v,j
3831,i,as,c,d,v,j
3832,aa,ai,e,d,v,g
3833,v,n,f,d,v,i
3834,v,r,c,d,v,g
3835,o,f,f,d,v,j
3836,b,as,d,d,v,d
3837,v,as,f,d,v,f
3838,i,as,c,d,v,l
3839,o,z,d,d,v,l
3840,c,ae,a,d,v,i
3841,l,as,f,d,v,g
3842,l,as,f,d,v,k
3843,j,ak,c,d,v,a
3844,r,e,f,d,v,j
3845,r,ae,e,d,v,g
3846,aa,as,e,d,v,l
3847,s,as,d,d,v,j
3848,a,ak,f,d,v,d
3849,s,as,c,d,v,j
3850,aa,as,e,d,v,j
3851,g,ai,g,d,v,g
3852,l,e,f,d,v,j
3853,r,r,f,d,v,l
3854,z,ai,e,d,v,g
3855,l,s,c,d,v,j
3856,c,m,c,d,v,j
3857,v,t,d,d,v,h
3858,v,ae,e,d,v,a
3859,r,ai,f,d,v,a
3860,i,as,a,d,v,j
3861,s,as,e,d,v,i
3862,w,ak,f,d,v,a
3863,i,as,c,d,v,l
3864,v,ae,c,d,v,g
3865,i,as,c,d,v,j
3866,v,as,f,d,v,f
3867,v,aw,d,d,v,j
3868,v,n,f,d,v,g
3869,s,as,e,d,v,g
3870,s,as,e,d,w,c
3871,r,aq,f,d,w,l
3872,s,as,e,d,w,i
3873,s,n,c,d,w,g
3874,v,a,b,d,w,j
3875,aa,ai,a,d,w,g
3876,w,as,d,d,w,l
3877,m,e,c,d,w,a
3878,r,ag,f,d,w,l
3879,aa,as,e,d,w,h
3880,i,as,c,d,w,j
3881,r,as,f,d,w,i
3882,v,ae,e,d,w,g
3883,a,ak,f,d,w,g
3884,s,as,e,d,w,d
3885,v,n,f,d,w,j
3886,l,as,f,d,w,c
3887,s,as,e,d,w,d
3888,l,as,f,d,w,j
3889,aa,m,e,d,w,h
3890,i,as,c,d,w,g
3891,r,r,f,d,w,l
3892,aa,ai,e,d,w,g
3893,w,am,f,d,w,a
3894,c,ae,c,d,w,j
3895,i,as,c,d,w,j
3896,v,ae,e,d,w,g
3897,b,ai,c,d,w,d
3898,r,e,f,d,w,l
3899,g,ak,a,d,w,g
3900,r,ak,f,d,w,g
3901,s,as,e,d,w,l
3902,s,as,g,d,w,h
3903,l,as,f,d,w,g
3904,aa,as,e,d,w,j
3905,s,as,e,d,w,i
3906,v,ae,e,d,w,g
3907,s,as,e,d,w,l
3908,o,ae,e,d,w,i
3909,s,ak,e,d,w,i
3910,l,n,f,d,w,j
3911,r,ad,f,d,w,h
3912,v,as,f,d,w,f
3913,t,av,f,d,w,a
3914,aa,as,e,d,w,d
3915,s,as,e,d,w,i
3916,i,as,c,d,w,j
3917,v,t,d,d,w,j
3918,i,as,c,d,w,l
3919,c,m,c,d,w,l
3920,aa,ai,e,d,w,j
3921,s,as,c,d,w,g
3922,aa,as,c,d,w,h
3923,a,as,f,d,w,l
3924,a,f,f,d,w,l
3925,l,n,f,d,w,a
3926,b,m,c,d,w,i
3927,c,ak,c,d,w,g
3928,aa,ai,e,d,w,d
3929,z,m,e,d,w,c
3930,b,ak,c,d,w,h
3931,aa,as,d,d,w,j
3932,s,ae,e,d,w,i
3933,aa,ai,e,d,w,g
3934,aa,h,e,d,w,j
3935,v,r,a,d,w,i
3936,t,al,b,d,w,k
3937,s,as,e,d,w,j
3938,l,as,f,d,w,g
3939,v,r,c,d,w,g
3940,aa,as,d,d,w,d
3941,aa,ai,e,d,w,l
3942,s,as,g,d,w,g
3943,l,n,f,d,w,d
3944,o,m,f,d,w,j
3945,aa,as,e,d,w,d
3946,s,as,c,d,w,e
3947,o,f,f,d,w,j
3948,t,as,g,d,w,d
3949,a,ak,f,d,w,a
3950,v,ak,g,d,w,g
3951,a,i,f,d,w,d
3952,v,ae,c,d,w,g
3953,v,ae,g,d,w,g
3954,c,ak,c,d,w,g
3955,r,ae,g,d,w,j
3956,o,ae,f,d,w,g
3957,aa,ai,c,d,w,h
3958,i,as,c,d,w,l
3959,v,as,e,d,w,h
3960,s,as,g,d,w,d
3961,r,t,d,d,w,j
3962,l,ae,f,d,w,j
3963,l,q,f,d,w,g
3964,b,as,c,d,w,g
3965,c,m,c,d,w,i
3966,aa,as,e,d,w,j
3967,s,as,g,d,w,i
3968,v,r,c,d,w,g
3969,r,ag,f,d,w,j
3970,b,ai,c,d,w,l
3971,aa,ai,g,d,w,g
3972,aa,ai,g,d,w,d
3973,s,as,c,d,w,c
3974,r,e,f,d,w,i
3975,b,m,c,d,w,j
3976,w,ai,f,d,w,a
3977,r,h,f,d,w,a
3978,l,ae,f,d,w,l
3979,f,aq,a,d,w,a
3980,a,ae,f,d,w,l
3981,v,ae,c,d,w,g
3982,s,as,c,d,w,g
3983,v,e,c,d,w,g
3984,s,ae,c,d,w,g
3985,i,as,c,d,w,j
3986,r,as,b,d,w,g
3987,l,as,f,d,w,g
3988,i,as,c,d,w,j
3989,b,m,c,d,w,a
3990,l,as,f,d,w,g
3991,l,ap,f,d,w,h
3992,aa,ay,c,d,w,l
3993,v,r,c,d,w,g
3994,s,as,c,d,w,g
3995,o,ae,c,d,w,j
3996,v,as,f,d,w,j
3997,r,ag,f,d,w,j
3998,b,as,c,d,w,d
3999,s,as,c,d,w,i
4000,i,as,c,d,w,j
4001,c,m,c,d,w,h
4002,i,as,c,d,w,j
4003,r,ae,f,d,w,d
4004,v,e,c,d,w,g
4005,r,t,d,d,w,j
4006,a,as,f,d,w,i
4007,aa,as,c,d,w,d
4008,v,r,c,d,w,d
4009,a,f,f,d,w,l
4010,b,ai,a,d,w,g
4011,i,as,c,d,w,j
4012,v,t,d,d,w,j
4013,b,ai,a,d,w,j
4014,r,ak,f,d,w,d
4015,b,as,a,d,w,g
4016,r,ak,f,d,w,d
4017,aa,ay,g,d,w,a
4018,j,as,c,d,w,h
4019,l,as,f,d,w,g
4020,l,s,c,d,w,j
4021,s,as,c,d,w,g
4022,i,as,a,d,w,j
4023,s,as,c,d,w,j
4024,a,ae,f,d,w,l
4025,b,m,a,d,w,h
4026,c,as,a,d,w,j
4027,r,ak,f,d,w,d
4028,b,p,a,d,w,e
4029,k,ae,c,d,w,g
4030,o,p,f,d,w,a
4031,l,as,f,d,w,j
4032,aa,ai,c,d,w,h
4033,c,ae,a,d,w,g
4034,v,b,f,d,w,i
4035,s,as,c,d,w,k
4036,l,q,f,d,w,g
4037,b,as,a,d,w,d
4038,s,as,a,d,w,c
4039,o,f,f,d,w,g
4040,aa,ai,c,d,w,g
4041,a,ak,f,d,w,d
4042,b,as,a,d,w,d
4043,b,aq,a,d,w,l
4044,v,ae,c,d,w,j
4045,r,d,f,d,w,k
4046,l,ae,f,d,w,j
4047,i,ae,c,d,w,g
4048,v,r,a,d,w,g
4049,a,as,f,d,w,h
4050,o,ae,g,d,w,d
4051,l,ae,f,d,w,j
4052,i,as,a,d,w,l
4053,h,as,g,d,w,l
4054,r,ae,c,d,w,a
4055,aa,ai,g,d,w,g
4056,m,s,c,d,w,g
4057,i,as,a,d,w,l
4058,l,as,a,d,w,j
4059,s,ae,c,d,w,l
4060,aa,ae,c,d,w,g
4061,l,ae,f,d,w,g
4062,r,t,d,d,w,j
4063,v,as,f,d,w,f
4064,aa,as,d,d,w,j
4065,i,q,a,d,w,j
4066,b,aq,a,d,w,l
4067,l,s,c,d,w,g
4068,s,as,c,d,w,d
4069,s,ae,c,d,w,d
4070,o,as,f,d,w,j
4071,r,t,d,d,w,h
4072,v,m,f,d,w,j
4073,l,ae,f,d,w,j
4074,aa,as,c,d,w,g
4075,aa,ai,c,d,w,i
4076,r,e,f,d,w,l
4077,v,as,a,d,w,g
4078,r,as,f,d,w,g
4079,s,as,c,d,w,j
4080,aa,ai,c,d,w,l
4081,v,k,d,d,w,j
4082,l,as,f,d,w,g
4083,aa,ai,c,d,w,j
4084,aa,as,c,d,w,g
4085,r,ae,f,d,w,d
4086,e,as,a,d,w,d
4087,aa,ay,c,d,w,l
4088,s,as,c,d,o,i
4089,l,as,f,d,o,i
4090,a,as,f,d,o,l
4091,r,t,d,d,o,j
4092,r,ag,f,d,o,j
4093,b,as,a,d,o,j
4094,s,as,c,d,o,l
4095,z,ai,c,d,o,d
4096,l,s,c,d,o,j
4097,s,as,a,d,o,h
4098,r,r,f,d,o,l
4099,s,as,e,d,o,g
4100,r,ae,c,d,o,h
4101,e,as,a,d,o,i
4102,l,ak,f,d,o,j
4103,v,r,a,d,o,d
4104,e,as,a,d,aa,i
4105,aa,ai,c,d,aa,g
4106,aa,ay,c,d,aa,l
4107,r,t,d,d,aa,h
4108,l,as,d,d,aa,g
4109,v,ao,d,d,aa,a
4110,s,as,c,d,aa,j
4111,r,ae,f,d,aa,g
4112,p,ae,f,d,aa,j
4113,v,r,a,d,aa,g
4114,r,ak,f,d,aa,d
4115,v,ae,c,d,aa,d
4116,s,as,e,d,aa,j
4117,i,as,a,d,aa,j
4118,aa,as,c,d,aa,g
4119,a,p,f,d,aa,l
4120,w,ae,e,d,aa,a
4121,w,ae,a,d,aa,g
4122,v,a,b,d,aa,j
4123,v,n,f,d,aa,l
4124,aa,aq,a,d,aa,j
4125,l,as,f,d,aa,a
4126,c,m,c,d,aa,j
4127,b,aq,c,d,aa,g
4128,v,k,d,d,aa,d
4129,l,ae,f,d,aa,j
4130,aa,as,e,d,aa,k
4131,l,as,f,d,aa,l
4132,r,as,f,d,aa,l
4133,r,t,d,d,aa,h
4134,r,ae,c,d,aa,j
4135,aa,ae,e,d,aa,a
4136,s,as,e,d,aa,i
4137,l,s,c,d,aa,i
4138,r,ae,c,d,aa,l
4139,aa,as,c,d,aa,d
4140,v,ae,a,d,aa,g
4141,aa,aq,a,d,aa,j
4142,e,as,a,d,aa,l
4143,r,ag,f,d,aa,j
4144,i,as,a,d,aa,j
4145,r,e,f,d,aa,l
4146,r,e,f,d,aa,j
4147,b,m,c,d,aa,c
4148,i,as,a,d,aa,j
4149,s,as,c,d,aa,g
4150,l,as,f,d,aa,i
4151,aa,as,d,d,aa,g
4152,s,as,d,d,aa,g
4153,r,ak,f,d,aa,d
4154,l,as,f,d,aa,g
4155,aa,ai,c,d,aa,l
4156,l,s,c,d,aa,j
4157,l,ae,f,d,aa,j
4158,r,ae,f,d,aa,d
4159,s,as,e,d,aa,i
4160,r,t,d,d,aa,j
4161,r,ad,f,d,aa,h
4162,o,f,f,d,aa,d
4163,m,as,a,d,aa,i
4164,l,ae,f,d,aa,d
4165,aa,ay,c,d,aa,c
4166,v,ae,a,d,aa,g
4167,r,e,f,d,aa,l
4168,v,r,a,d,aa,d
4169,z,ai,c,d,aa,d
4170,h,as,f,d,aa,i
4171,w,ae,c,d,aa,a
4172,r,ae,f,d,aa,d
4173,s,as,c,d,aa,i
4174,r,t,d,d,aa,j
4175,s,n,e,d,aa,g
4176,v,t,d,d,aa,j
4177,o,ad,f,d,aa,l
4178,r,r,f,d,aa,a
4179,v,ak,c,d,aa,g
4180,l,as,f,d,aa,i
4181,b,m,a,d,aa,j
4182,b,ae,a,d,aa,d
4183,i,as,a,d,aa,l
4184,aa,as,a,d,aa,j
4185,o,ae,f,d,aa,i
4186,aa,m,c,d,aa,i
4187,o,u,c,d,aa,j
4188,r,as,f,d,aa,d
4189,b,m,a,d,aa,d
4190,h,as,f,d,aa,g
4191,aa,ai,c,d,aa,j
4192,aa,as,c,d,aa,l
4193,p,ak,c,d,aa,j
4194,e,as,a,d,aa,g
4195,v,a,b,d,aa,j
4196,l,as,f,d,aa,j
4197,r,m,f,d,aa,g
4198,e,as,a,d,aa,j
4199,o,f,f,d,aa,d
4200,r,e,f,d,aa,l
4201,l,as,f,d,aa,d
4202,i,as,a,d,aa,l
4203,o,t,d,d,aa,j
4204,h,as,f,d,aa,j
4205,aa,ai,d,d,aa,j
4206,v,as,f,d,aa,d
4207,v,as,a,d,aa,c
4208,aa,ai,c,d,aa,g
